timestamp,angle_raw_2,angle_interp_2,angle_sg_2,angle_raw_1,angle_interp_1,angle_sg_1,pos_raw_2,pos_interp_2,pos_sg_2,pos_raw_1,pos_interp_1,pos_sg_1
385,-100.0,-100.0,-100.0,70.40147588943726,70.40147588943726,70.40147588943726,-100.0,-100.0,-100.0,-100.0,-100.0,-100.0
386,-100.0,-100.0,-100.0,68.07465931200078,68.07465931200078,68.07465931200078,-100.0,-100.0,-100.0,-100.0,-100.0,-100.0
387,-100.0,-100.0,-100.0,65.09773946297723,65.09773946297723,65.09773946297723,-100.0,-100.0,-100.0,-100.0,-100.0,-100.0
388,-100.0,-100.0,-100.0,55.56138138804724,55.56138138804724,55.56138138804724,-100.0,-100.0,-100.0,-100.0,-100.0,-100.0
389,-100.0,-100.0,-100.0,65.429289087599,65.429289087599,65.429289087599,-100.0,-100.0,-100.0,-100.0,-100.0,-100.0
390,-100.0,-100.0,-100.0,70.36691941944297,70.36691941944297,70.36691941944297,-100.0,-100.0,-100.0,-100.0,-100.0,-100.0
391,-100.0,-100.0,-100.0,72.69867413657107,72.69867413657107,72.69867413657107,-100.0,-100.0,-100.0,-100.0,-100.0,-100.0
392,-100.0,-100.0,-100.0,78.30198045058201,78.30198045058201,78.30198045058201,-100.0,-100.0,-100.0,-100.0,-100.0,-100.0
393,-100.0,-100.0,-100.0,83.39902400228036,83.39902400228036,83.39902400228036,-100.0,-100.0,-100.0,-100.0,-100.0,-100.0
394,-52.961383605243704,-52.961383605243704,-52.961383605243704,40.794687186472906,40.794687186472906,40.794687186472906,-100.0,-100.0,-100.0,-100.0,-100.0,-100.0
395,-100.0,-100.0,-100.0,-69.38257549690461,-69.38257549690461,-69.38257549690461,-100.0,-100.0,-100.0,-100.0,-100.0,-100.0
396,0.0,0.0,0.0,0.0,0.0,0.0,-100.0,-100.0,-100.0,-100.0,-100.0,-100.0
397,0.0,0.0,0.0,0.0,0.0,0.0,-100.0,-100.0,-100.0,-100.0,-100.0,-100.0
398,0.0,0.0,0.0,0.0,0.0,0.0,-100.0,-100.0,-100.0,-100.0,-100.0,-100.0
399,0.0,0.0,0.0,0.0,0.0,0.0,-100.0,-100.0,-100.0,-100.0,-100.0,-100.0
400,0.0,0.0,0.0,0.0,0.0,0.0,-100.0,-100.0,-100.0,-100.0,-100.0,-100.0
401,0.0,0.0,0.0,0.0,0.0,0.0,-100.0,-100.0,-100.0,-100.0,-100.0,-100.0
402,0.0,0.0,0.0,0.0,0.0,0.0,-100.0,-100.0,-100.0,-100.0,-100.0,-100.0
403,0.0,0.0,0.0,0.0,0.0,0.0,-100.0,-100.0,-100.0,-100.0,-100.0,-100.0
404,0.0,0.0,0.0,0.0,0.0,0.0,-100.0,-100.0,-100.0,-100.0,-100.0,-100.0
405,0.0,0.0,0.0,0.0,0.0,0.0,-100.0,-100.0,-100.0,-100.0,-100.0,-100.0
406,0.0,0.0,0.0,0.0,0.0,0.0,-100.0,-100.0,-100.0,-100.0,-100.0,-100.0
407,0.0,0.0,0.0,0.0,0.0,0.0,-100.0,-100.0,-100.0,-100.0,-100.0,-100.0
408,0.0,0.0,0.0,0.0,0.0,0.0,-100.0,-100.0,-100.0,-100.0,-100.0,-100.0
409,0.0,0.0,0.0,0.0,0.0,0.0,-100.0,-100.0,-100.0,-100.0,-100.0,-100.0
410,0.0,0.0,0.0,0.0,0.0,0.0,-100.0,-100.0,-100.0,-100.0,-100.0,-100.0
411,0.0,0.0,0.0,0.0,0.0,0.0,-100.0,-100.0,-100.0,-100.0,-100.0,-100.0
412,0.0,0.0,0.0,0.0,0.0,0.0,-100.0,-100.0,-100.0,-100.0,-100.0,-100.0
413,0.0,0.0,0.0,0.0,0.0,0.0,-100.0,-100.0,-100.0,-100.0,-100.0,-100.0
414,0.0,0.0,0.0,0.0,0.0,0.0,-100.0,-100.0,-100.0,-100.0,-100.0,-100.0
415,0.0,0.0,0.0,0.0,0.0,0.0,-100.0,-100.0,-100.0,-100.0,-100.0,-100.0
416,0.0,0.0,0.0,0.0,0.0,0.0,-100.0,-100.0,-100.0,-100.0,-100.0,-100.0
417,0.0,0.0,0.0,0.0,0.0,0.0,-100.0,-100.0,-100.0,-100.0,-100.0,-100.0
418,0.0,0.0,0.0,0.0,0.0,0.0,-100.0,-100.0,-100.0,-100.0,-100.0,-100.0
419,0.0,0.0,0.0,0.0,0.0,0.0,-100.0,-100.0,-100.0,-100.0,-100.0,-100.0
420,0.0,0.0,0.0,0.0,0.0,0.0,-100.0,-100.0,-100.0,-100.0,-100.0,-100.0
421,0.0,0.0,0.0,0.0,0.0,0.0,-100.0,-100.0,-100.0,-100.0,-100.0,-100.0
422,0.0,0.0,0.0,0.0,0.0,0.0,-100.0,-100.0,-100.0,-100.0,-100.0,-100.0
423,0.0,0.0,0.0,0.0,0.0,0.0,-100.0,-100.0,-100.0,-100.0,-100.0,-100.0
424,0.0,0.0,0.0,0.0,0.0,0.0,-100.0,-100.0,-100.0,-100.0,-100.0,-100.0
425,0.0,0.0,0.0,0.0,0.0,0.0,-100.0,-100.0,-100.0,-100.0,-100.0,-100.0
426,0.0,0.0,0.0,0.0,0.0,0.0,-100.0,-100.0,-100.0,-100.0,-100.0,-100.0
427,0.0,0.0,0.0,0.0,0.0,0.0,-100.0,-100.0,-100.0,-100.0,-100.0,-100.0
428,0.0,0.0,0.0,0.0,0.0,0.0,-100.0,-100.0,-100.0,-100.0,-100.0,-100.0
429,0.0,0.0,0.0,0.0,0.0,0.0,-100.0,-100.0,-100.0,-100.0,-100.0,-100.0
430,0.0,0.0,0.0,0.0,0.0,0.0,-100.0,-100.0,-100.0,-100.0,-100.0,-100.0
431,0.0,0.0,0.0,0.0,0.0,0.0,-100.0,-100.0,-100.0,-100.0,-100.0,-100.0
432,0.0,0.0,0.0,0.0,0.0,0.0,-100.0,-100.0,-100.0,-100.0,-100.0,-100.0
433,0.0,0.0,0.0,0.0,0.0,0.0,-100.0,-100.0,-100.0,-100.0,-100.0,-100.0
434,0.0,0.0,0.0,0.0,0.0,0.0,-100.0,-100.0,-100.0,-100.0,-100.0,-100.0
435,0.0,0.0,0.0,0.0,0.0,0.0,-100.0,-100.0,-100.0,-100.0,-100.0,-100.0
436,0.0,0.0,0.0,0.0,0.0,0.0,-100.0,-100.0,-100.0,-100.0,-100.0,-100.0
437,0.0,0.0,0.0,0.0,0.0,0.0,-100.0,-100.0,-100.0,-100.0,-100.0,-100.0
438,0.0,0.0,0.0,0.0,0.0,0.0,-100.0,-100.0,-100.0,-100.0,-100.0,-100.0
439,0.0,0.0,0.0,0.0,0.0,0.0,-100.0,-100.0,-100.0,-100.0,-100.0,-100.0
440,0.0,0.0,0.0,0.0,0.0,0.0,-100.0,-100.0,-100.0,-100.0,-100.0,-100.0
441,0.0,0.0,0.0,0.0,0.0,0.0,-100.0,-100.0,-100.0,-100.0,-100.0,-100.0
442,0.0,0.0,0.0,0.0,0.0,0.0,-100.0,-100.0,-100.0,-100.0,-100.0,-100.0
443,0.0,0.0,0.0,0.0,0.0,0.0,-100.0,-100.0,-100.0,-100.0,-100.0,-100.0
444,0.0,0.0,0.0,0.0,0.0,0.0,-100.0,-100.0,-100.0,-100.0,-100.0,-100.0
445,0.0,0.0,0.0,0.0,0.0,0.0,-100.0,-100.0,-100.0,-100.0,-100.0,-100.0
446,0.0,0.0,0.0,0.0,0.0,0.0,-100.0,-100.0,-100.0,-100.0,-100.0,-100.0
447,0.0,0.0,0.0,0.0,0.0,0.0,-100.0,-100.0,-100.0,-100.0,-100.0,-100.0
448,0.0,0.0,0.0,0.0,0.0,0.0,-100.0,-100.0,-100.0,-100.0,-100.0,-100.0
449,0.0,0.0,0.0,0.0,0.0,0.0,-100.0,-100.0,-100.0,-100.0,-100.0,-100.0
450,0.0,0.0,0.0,0.0,0.0,0.0,-100.0,-100.0,-100.0,-100.0,-100.0,-100.0
451,0.0,0.0,0.0,0.0,0.0,0.0,-100.0,-100.0,-100.0,-100.0,-100.0,-100.0
452,0.0,0.0,0.0,0.0,0.0,0.0,-100.0,-100.0,-100.0,-100.0,-100.0,-100.0
453,0.0,0.0,0.0,0.0,0.0,0.0,-100.0,-100.0,-100.0,-100.0,-100.0,-100.0
454,0.0,0.0,0.0,0.0,0.0,0.0,-100.0,-100.0,-100.0,-100.0,-100.0,-100.0
455,0.0,0.0,0.0,0.0,0.0,0.0,-100.0,-100.0,-100.0,-100.0,-100.0,-100.0
456,0.0,0.0,0.0,0.0,0.0,0.0,-100.0,-100.0,-100.0,-100.0,-100.0,-100.0
457,0.0,0.0,0.0,0.0,0.0,0.0,-100.0,-100.0,-100.0,-100.0,-100.0,-100.0
458,0.0,0.0,0.0,0.0,0.0,0.0,-100.0,-100.0,-100.0,-100.0,-100.0,-100.0
459,0.0,0.0,0.0,0.0,0.0,0.0,-100.0,-100.0,-100.0,-100.0,-100.0,-100.0
460,0.0,0.0,0.0,0.0,0.0,0.0,-100.0,-100.0,-100.0,-100.0,-100.0,-100.0
461,0.0,0.0,0.0,0.0,0.0,0.0,-100.0,-100.0,-100.0,-100.0,-100.0,-100.0
462,0.0,0.0,0.0,0.0,0.0,0.0,-100.0,-100.0,-100.0,-100.0,-100.0,-100.0
463,0.0,0.0,0.0,0.0,0.0,0.0,-100.0,-100.0,-100.0,-100.0,-100.0,-100.0
464,0.0,0.0,0.0,0.0,0.0,0.0,-100.0,-100.0,-100.0,-100.0,-100.0,-100.0
465,0.0,0.0,0.0,0.0,0.0,0.0,-100.0,-100.0,-100.0,-100.0,-100.0,-100.0
466,0.0,0.0,0.0,0.0,0.0,0.0,-100.0,-100.0,-100.0,-100.0,-100.0,-100.0
467,0.0,0.0,0.0,0.0,0.0,0.0,-100.0,-100.0,-100.0,-100.0,-100.0,-100.0
468,0.0,0.0,0.0,0.0,0.0,0.0,-100.0,-100.0,-100.0,-100.0,-100.0,-100.0
469,-73.82396601325044,-73.82396601325044,-73.82396601325044,60.19203349708082,60.19203349708082,60.19203349708082,-100.0,-100.0,-100.0,-100.0,-100.0,-100.0
470,-100.0,-100.0,-100.0,34.00840993827469,34.00840993827469,27.7950369621853,-100.0,-100.0,-100.0,486.1,486.1,476.1615384615411
471,-100.0,-100.0,-100.0,23.003265665496123,23.003265665496123,24.738915956056974,-100.0,-100.0,-100.0,467.15,467.15,470.5837104072424
472,-100.0,-100.0,-100.0,18.57001354780464,18.57001354780464,21.74145909796485,-100.0,-100.0,-100.0,462.6,462.6,464.57117647059084
473,-100.0,-100.0,-100.0,14.871598287833878,14.871598287833878,18.73192986827781,-100.0,-100.0,-100.0,455.05,455.05,458.0792760181021
474,-100.0,-100.0,-100.0,15.165276678983364,15.165276678983364,15.894520897696825,-100.0,-100.0,-100.0,449.45,449.45,451.6000000000025
475,-100.0,-100.0,-100.0,12.296808915897396,12.296808915897396,13.651484282218384,-100.0,-100.0,-100.0,444.6,444.6,445.49085972850924
476,-100.0,-100.0,-100.0,13.703595513071386,13.703595513071386,12.015229500797645,-100.0,-100.0,-100.0,437.25,437.25,440.41289592760427
477,-100.0,-100.0,-100.0,10.822912844241289,10.822912844241289,11.26753306974159,-100.0,-100.0,-100.0,439.6,439.6,436.72565610859976
478,-100.0,-100.0,-100.0,12.875562998650116,12.875562998650116,11.21002884508783,-100.0,-100.0,-100.0,435.85,435.85,435.02330316742325
479,-100.0,-100.0,-100.0,11.052422569039317,11.052422569039317,11.177153382097005,-100.0,-100.0,-100.0,431.8,431.8,433.022126696835
480,-100.0,-100.0,-100.0,11.421438494094133,11.421438494094133,11.446460846641926,-100.0,-100.0,-100.0,431.45,431.45,431.8525791855228
481,-100.0,-100.0,-100.0,12.431647392178983,12.431647392178983,11.490380974328327,-100.0,-100.0,-100.0,430.8,430.8,431.13104072398426
482,-100.0,-100.0,-100.0,11.197557915151117,11.197557915151117,11.65630513639756,-100.0,-100.0,-100.0,431.55,431.55,430.6339366515861
483,-100.0,-100.0,-100.0,11.525511197209028,11.525511197209028,12.179090249777062,-100.0,-100.0,-100.0,430.65,430.65,430.35674208145036
484,-100.0,-100.0,-100.0,11.059393108059107,11.059393108059107,13.02161421785846,-100.0,-100.0,-100.0,430.9,430.9,429.8299547511336
485,-100.0,-100.0,-100.0,15.897453232939355,15.897453232939355,13.50924716866924,-100.0,-100.0,-100.0,430.05,430.05,430.49393665158607
486,-100.0,-100.0,-100.0,15.55121347475855,15.55121347475855,14.639137057902728,-100.0,-100.0,-100.0,430.75,430.75,431.0463348416314
487,-100.0,-100.0,-100.0,14.204574563043012,14.204574563043012,15.91695816380789,-100.0,-100.0,-100.0,430.8,430.8,431.3599547511336
488,-100.0,-100.0,-100.0,16.77534262605854,16.77534262605854,17.356935752196595,-100.0,-100.0,-100.0,430.15,430.15,431.66488687783044
489,-100.0,-100.0,-100.0,20.927032230687136,20.927032230687136,19.127269659721243,-100.0,-100.0,-100.0,431.8,431.8,431.7601809954775
490,-100.0,-100.0,-100.0,19.08461657074483,19.08461657074483,20.68904886147849,-100.0,-100.0,-100.0,433.45,433.45,431.6857013574685
491,-100.0,-100.0,-100.0,20.754245790244056,20.754245790244056,22.130591880909364,-100.0,-100.0,-100.0,435.2,435.2,431.84248868778525
492,-100.0,-100.0,-100.0,25.625258270124732,25.625258270124732,23.42705341550314,-100.0,-100.0,-100.0,430.45,430.45,431.9693212669707
493,-100.0,-100.0,-100.0,26.06297219211314,26.06297219211314,25.04944867238789,-100.0,-100.0,-100.0,431.05,431.05,431.956606334844
494,-100.0,-100.0,-100.0,26.605008895832945,26.605008895832945,26.555778392133874,-100.0,-100.0,-100.0,430.45,430.45,431.593348416292
495,-100.0,-100.0,-100.0,28.01976817432146,28.01976817432146,27.68286654722778,-100.0,-100.0,-100.0,429.55,429.55,430.8257013574684
496,-100.0,-100.0,-100.0,27.89659859173526,27.89659859173526,28.94486920188774,-100.0,-100.0,-100.0,429.95,429.95,430.0219909502286
497,-100.0,-100.0,-100.0,29.875960647518063,29.875960647518063,30.386742109333284,-100.0,-100.0,-100.0,432.4,432.4,429.42710407240054
498,-100.0,-100.0,-100.0,31.990091803566795,31.990091803566795,31.91005902363805,-100.0,-100.0,-100.0,428.9,428.9,428.36972850678967
499,-100.0,-100.0,-100.0,32.62309047594845,32.62309047594845,33.00663278974278,-100.0,-100.0,-100.0,427.35,427.35,427.80944408532883
500,-100.0,-100.0,-100.0,34.38360880132484,34.38360880132484,34.631760305566075,-100.0,-100.0,-100.0,424.4,424.4,426.30212454212693
501,-100.0,-100.0,-100.0,36.21134671191795,36.21134671191795,36.37976513136536,-100.0,-100.0,-100.0,424.55,424.55,424.88259857789507
502,-100.0,-100.0,-100.0,38.580872686238514,38.580872686238514,38.047671257228856,-100.0,-100.0,-100.0,425.8,425.8,423.2884356819675
503,-100.0,-100.0,-100.0,39.2090443610234,39.2090443610234,39.467326795426914,-100.0,-100.0,-100.0,422.35,422.35,421.7098550469162
504,-100.0,-100.0,-100.0,42.50116926073936,42.50116926073936,40.55492660770286,-100.0,-100.0,-100.0,417.0,417.0,420.0859763765669
505,-100.0,-100.0,-100.0,39.821596901411574,39.821596901411574,41.79270356094683,-100.0,-100.0,-100.0,419.5,419.5,418.27237409649405
506,-100.0,-100.0,-100.0,44.22370105673907,44.22370105673907,42.919561682800975,-100.0,-100.0,-100.0,414.3809523809524,414.3809523809524,416.3375910364169
507,-100.0,-100.0,-100.0,44.201369533673784,44.201369533673784,43.77179917363421,-100.0,-100.0,-100.0,416.4,416.4,414.48672739025903
508,-100.0,-100.0,-100.0,43.51067577578421,43.51067577578421,44.227179158852266,-100.0,-100.0,-100.0,413.42857142857144,413.42857142857144,412.49366633366867
509,-100.0,-100.0,-100.0,43.419973723383066,43.419973723383066,44.79688746586895,-100.0,-100.0,-100.0,411.8,411.8,410.30464809700334
510,-100.0,-100.0,-100.0,45.70151321526765,45.70151321526765,45.17028498092253,-100.0,-100.0,-100.0,407.1363636363636,407.1363636363636,408.69460480696006
511,-100.0,-100.0,-100.0,47.44082859686637,47.44082859686637,45.484875919644004,-100.0,-100.0,-100.0,403.40909090909093,403.40909090909093,406.6349768858615
512,-100.0,-100.0,-100.0,45.5210242045099,45.5210242045099,45.945959567318155,-100.0,-100.0,-100.0,405.95238095238096,405.95238095238096,404.31713688272737
513,-100.0,-100.0,-100.0,45.615923799117176,45.615923799117176,46.23779943060339,-100.0,-100.0,-100.0,404.0454545454545,404.0454545454545,402.43717077040833
514,-100.0,-100.0,-100.0,45.50180038007024,45.50180038007024,46.77091197107322,-100.0,-100.0,-100.0,401.04545454545456,401.04545454545456,400.240585982647
515,-100.0,-100.0,-100.0,48.1788410417123,48.1788410417123,47.476919338961935,-100.0,-100.0,-100.0,397.5,397.5,398.6421293412492
516,-100.0,-100.0,-100.0,46.24420040679582,46.24420040679582,47.52627030654394,-100.0,-100.0,-100.0,398.0,398.0,397.3653926508297
517,-100.0,-100.0,-100.0,48.38396429987883,48.38396429987883,47.474386726232744,-100.0,-100.0,-100.0,393.70833333333337,393.70833333333337,396.3772773475481
518,-100.0,-100.0,-100.0,48.2390673957524,48.2390673957524,47.72984354309307,-100.0,-100.0,-100.0,395.95833333333337,395.95833333333337,395.2600041263107
519,-100.0,-100.0,-100.0,49.718202679149904,49.718202679149904,48.16316822622213,-100.0,-100.0,-100.0,394.0,394.0,393.8754323042708
520,-100.0,-100.0,-100.0,47.61904724534436,47.61904724534436,48.381317782180524,-100.0,-100.0,-100.0,393.5,393.5,393.20936666488035
521,-100.0,-100.0,-100.0,48.00061910358004,48.00061910358004,48.404562601834485,-100.0,-100.0,-100.0,394.0,394.0,392.95742727434765
522,-100.0,-100.0,-100.0,44.7876446252238,44.7876446252238,47.760447806703695,-100.0,-100.0,-100.0,393.7142857142857,393.7142857142857,392.9973387609855
523,-100.0,-100.0,-100.0,48.82959301464371,48.82959301464371,47.339611344290105,-100.0,-100.0,-100.0,392.1304347826087,392.1304347826087,392.98111146739245
524,-100.0,-100.0,-100.0,48.720419724563904,48.720419724563904,46.3695250258382,-100.0,-100.0,-100.0,392.0,392.0,393.47018160441655
525,-100.0,-100.0,-100.0,46.60461222014146,46.60461222014146,45.51160088334083,-100.0,-100.0,-100.0,392.6818181818182,392.6818181818182,393.502956353112
526,-100.0,-100.0,-100.0,45.302981212959814,45.302981212959814,44.80412918445701,-100.0,-100.0,-100.0,395.1818181818182,395.1818181818182,394.3563519345127
527,-15.656988652628684,-15.656988652628684,-13.464921742205771,51.695705531033184,43.08688846546735,44.26800539573183,471.0,471.0,471.02862745098304,-100.0,395.8909090909091,395.250936701834
528,-10.455853100262887,-10.455853100262887,-13.069277438348141,40.87079571797488,40.87079571797488,43.725280025300535,470.75,470.75,470.92859513036245,396.6,396.6,396.31148736174526
529,-10.217954349984389,-10.217954349984389,-13.046098423806217,43.50654802146556,43.50654802146556,43.255560427246365,470.7142857142857,470.7142857142857,471.0316009480741,396.7,396.7,397.4254244476773
530,-12.774059644619435,-12.774059644619435,-13.40023682586978,41.680349841303766,41.680349841303766,42.78494243950928,470.16666666666663,470.16666666666663,470.98460317460575,398.42857142857144,398.42857142857144,398.7308147181059
531,-13.553109450125643,-13.553109450125643,-14.094824718383908,43.40356843443015,43.40356843443015,42.67317285362728,470.66666666666663,470.66666666666663,470.7369230769257,398.27272727272725,398.27272727272725,399.4629323362082
532,-13.992496565705347,-13.992496565705347,-14.828261288435137,43.90977759193143,43.90977759193143,42.78226790754688,472.0,472.0,470.0181232493022,402.6363636363636,402.6363636363636,399.7033050836653
533,-16.526435973624555,-16.526435973624555,-15.530014247212705,42.50990980247145,42.50990980247145,42.50094433630221,470.4,470.4,469.5412353659438,400.66666666666663,400.66666666666663,400.0727855350128
534,-17.761419699126296,-17.761419699126296,-16.627218030020526,43.248781219071404,43.248781219071404,42.42965230488799,468.5,468.5,469.06119155354713,401.15,401.15,400.45475501480837
535,-19.420991767230145,-19.420991767230145,-17.713946804821227,42.45176065976214,42.45176065976214,42.31118231280458,470.0,470.0,468.313919413922,400.3913043478261,400.3913043478261,400.5627964107525
536,-19.116658121137384,-19.116658121137384,-17.8884557340137,43.27069927728022,43.27069927728022,41.81212827805119,466.77777777777777,466.77777777777777,468.16095740860703,401.0952380952381,401.0952380952381,401.23183362247516
537,-18.007410131490147,-18.007410131490147,-17.828765318606877,39.846509606623,39.846509606623,41.37993360975011,466.0,466.0,468.1832880844671,398.55,398.55,401.75697154508117
538,-16.052537069907324,-16.052537069907324,-17.710021397643942,39.80830754019952,39.80830754019952,40.69066345060804,465.83333333333337,465.83333333333337,467.7809954751157,400.95,400.95,402.0806730098568
539,-16.43994521957944,-16.43994521957944,-17.419582954411755,38.588621743966335,38.588621743966335,40.417707714441484,470.0,470.0,467.7311211664179,404.7,404.7,402.43077782405373
540,-18.098689583248795,-18.098689583248795,-16.690672636888692,42.113891349340385,42.113891349340385,40.09030413145444,468.2,468.2,468.2923680241353,403.1,403.1,403.65467918271213
541,-14.988270702792322,-14.988270702792322,-15.825462129340131,40.66080759622782,40.66080759622782,39.75530465367406,468.5,468.5,469.0803921568653,404.5,404.5,404.60729687192827
542,-14.723413461636072,-14.723413461636072,-15.194756853267045,39.00415949606141,39.00415949606141,39.522652469190504,473.15,473.15,469.8650125691329,409.0,409.0,405.7381358965014
543,-16.8960660263832,-16.8960660263832,-15.307721607619529,38.870401738594026,38.870401738594026,39.5148163882412,469.3,469.3,470.84993966817757,405.0,405.0,406.78083387201264
544,-15.461336844616051,-15.461336844616051,-15.398276205559117,39.911932156025635,39.911932156025635,40.009808866314444,468.05,468.05,471.4940422322801,405.55,405.55,407.7166063348439
545,-14.745396725404214,-14.745396725404214,-15.853096321263248,40.78694918927537,40.78694918927537,40.10851966557921,473.4,473.4,471.88036199095285,409.6,409.6,408.2975565610882
546,-13.656095721323174,-13.656095721323174,-15.895850847784585,38.28453458211163,38.28453458211163,39.89174928291774,474.0,474.0,471.9966666666693,410.85,410.85,408.9329411764728
547,-15.368357279037559,-15.368357279037559,-16.139069293846106,39.97110076910582,39.97110076910582,39.59924667100337,473.2,473.2,472.36959276018365,408.4,408.4,409.8473303167444
548,-18.800898746732052,-18.800898746732052,-16.720944152839657,39.86848412520698,39.86848412520698,39.52752530135286,472.45,472.45,472.5670135746632,410.85,410.85,410.71597285068106
549,-19.87781492944581,-19.87781492944581,-17.12105779334305,41.29750594231187,41.29750594231187,39.373963328028374,471.85,471.85,472.6547549019634,410.9,410.9,411.5016742081471
550,-16.526057450508624,-16.526057450508624,-18.01640661833777,40.31351798594193,40.31351798594193,39.01044977732124,472.2,472.2,473.27339366516094,411.55,411.55,412.62095022624663
551,-18.91887009386823,-18.91887009386823,-18.641276390515692,37.12241180908872,37.12241180908872,38.91587772764878,472.45,472.45,473.1546191553571,413.8,413.8,413.2123981900475
552,-16.288417231302144,-16.288417231302144,-19.1349557445624,36.85295297126412,36.85295297126412,38.716254548547006,472.73333333333335,472.73333333333335,472.17698340875074,414.4,414.4,413.6277375565634
553,-19.621779782281425,-19.621779782281425,-19.25400903433902,38.91276955152049,38.91276955152049,38.623336662535024,473.05,473.05,471.8754547511338,415.0,415.0,414.3557013574684
554,-19.739991086646807,-19.739991086646807,-18.91375001438357,37.317289529973905,37.317289529973905,38.06323685887393,473.625,473.625,471.93504188421196,416.15,416.15,415.26122171945934
555,-100.0,-20.45734003108557,-18.429549859730557,38.284715613892885,38.284715613892885,37.74935198531648,-100.0,472.7125,472.186510558072,414.65,414.65,415.5209049773778
556,-21.17468897552434,-21.17468897552434,-18.168362370481486,38.584872594790184,38.584872594790184,37.60892136153344,471.8,471.8,472.5580125304586,415.1,415.1,415.9063800905
557,-14.788774812139469,-14.788774812139469,-18.076261846114676,39.458197818598705,39.458197818598705,37.30794377205471,469.33333333333337,469.33333333333337,472.98703126813115,416.15,416.15,416.29049773755884
558,-17.628396080588782,-17.628396080588782,-17.65779869700257,35.723007296632844,35.723007296632844,37.25245741099619,470.75,470.75,473.5254498201674,417.15,417.15,416.7975113122195
559,-16.144349251646172,-16.144349251646172,-17.490856761794323,36.274788196261426,36.274788196261426,36.73978542101062,476.46153846153845,476.46153846153845,474.1462928994109,417.65,417.65,417.30158371040955
560,-100.0,-16.624825380150693,-17.06959795443571,35.49839465632229,35.49839465632229,36.16380270535427,-100.0,476.5853846153846,474.8354010906164,417.55,417.55,417.79533936651814
561,-100.0,-17.105301508655213,-17.040373490070643,36.99995796524288,36.99995796524288,35.98019313551563,-100.0,476.70923076923077,475.58232074486864,416.65,416.65,418.35728506787564
562,-20.131384256299693,-17.585777637159733,-17.209202566862295,35.81424516569959,35.81424516569959,35.627352822371606,-100.0,476.83307692307693,476.41175948486165,419.75,419.75,419.05162895927833
563,-100.0,-18.066253765664253,-17.73382269985994,33.164277734490256,33.164277734490256,35.29833953087757,-100.0,476.9569230769231,477.12911184592446,420.7,420.7,419.56343891402946
564,-100.0,-18.546729894168774,-18.73659317383189,36.46316012253835,36.46316012253835,35.24750102637568,-100.0,477.0807692307692,477.593337104075,420.75,420.75,419.9713122171969
565,-24.56030653164277,-19.027206022673294,-19.166256452142004,34.44247294320836,34.44247294320836,35.1763597365853,-100.0,477.20461538461535,477.55745562130437,419.05,419.05,420.29113122172174
566,-20.104676159298748,-19.507682151177814,-19.57938309470662,35.910614672655306,35.910614672655306,34.87307576613152,-100.0,477.3284615384615,477.24142969022193,420.3,420.3,420.48031674208374
567,-100.0,-19.988158279682334,-19.673615306811072,36.02844758905193,36.02844758905193,34.85278596558589,-100.0,477.45230769230767,477.32825400278716,420.95,420.95,420.58868778280777
568,-100.0,-20.468634408186855,-19.697911238599257,34.21963397579001,34.21963397579001,34.6349156943104,-100.0,477.57615384615383,477.4109444831213,420.85,420.85,420.3646153846177
569,-20.949110536691375,-20.949110536691375,-20.087462571732473,34.03990364056704,34.03990364056704,34.71618291544164,477.7,477.7,477.6859647580952,420.65,420.65,419.97085972850914
570,-20.790849072459622,-20.790849072459622,-20.43138804153723,34.86567184376595,34.86567184376595,34.89708041278375,477.8125,477.8125,478.12768656456933,420.05,420.05,419.9375565610883
571,-19.393990953520277,-19.393990953520277,-20.265959649237946,32.9418702491408,32.9418702491408,34.58039770261569,478.5,478.5,478.72508658197273,419.45,419.45,419.99018099547743
572,-18.531544560457952,-18.531544560457952,-21.372842124774408,35.53305757711074,35.53305757711074,34.90681586477116,478.5625,478.5625,479.39586940275854,419.1,419.1,420.13841628959506
573,-0.0,-20.431171412861715,-21.986000617394325,35.920014380517095,35.920014380517095,34.80809220893796,-100.0,479.63125,480.034827926335,419.55,419.55,420.0845248868802
574,-22.330798265265475,-22.330798265265475,-22.384188994270254,34.173545644072455,34.173545644072455,34.88379588269547,480.7,480.7,480.6313147458105,419.4,419.4,420.26443438914254
575,-24.163467017717824,-24.163467017717824,-22.022645115032397,35.750604169317235,35.750604169317235,35.10814002307148,482.55,482.55,481.2766327965602,421.75,421.75,420.52610859728736
576,-21.088605532482518,-21.088605532482518,-19.82336287804581,35.49666048145449,35.49666048145449,35.080263130968866,482.75,482.75,481.925045914296,421.85,421.85,420.7946153846177
577,-20.82928065585135,-20.82928065585135,-18.608040569130665,34.190238277164426,34.190238277164426,34.98549201284841,482.85,482.85,482.5731151849907,420.85,420.85,421.15787330316977
578,-26.936247476022785,-26.936247476022785,-17.997469475739383,36.284028501908836,36.284028501908836,34.971427751205574,482.55,482.55,483.14351255434576,421.4,421.4,421.35162895927834
579,-12.999865032907753,-12.999865032907753,-17.124514245956625,32.95231399551346,32.95231399551346,34.463440892479724,482.52941176470586,482.52941176470586,483.6889416422705,421.4,421.4,421.6904524886901
580,-11.855074706434989,-11.855074706434989,-16.451018264773182,34.73803642989169,34.73803642989169,34.155879601825376,483.4,483.4,483.94332778813157,422.15,422.15,421.7074660633507
581,-7.0420116246940685,-7.0420116246940685,-16.393931179899198,34.609514303108654,34.609514303108654,34.247501982469096,484.58333333333337,484.58333333333337,484.04673320912343,421.2,421.2,421.67791855203853
582,-7.378626092706162,-7.378626092706162,-15.736251119297208,33.652526908157434,33.652526908157434,34.10669320699708,484.8,484.8,484.1279984029838,421.4,421.4,421.49416289593
583,-25.389264392963383,-25.389264392963383,-15.257987000056048,34.09294538989712,34.09294538989712,34.12630759572455,485.05,485.05,484.2957093425632,421.95,421.95,421.650678733034
584,-0.0,-20.574911366016508,-13.807669747968056,33.80388786388768,33.80388786388768,34.20039904968466,-100.0,484.75,484.47249046225085,421.35,421.35,421.7346153846177
585,-15.760558339069636,-15.760558339069636,-13.453135215571377,32.975639932691415,32.975639932691415,34.26734561226685,484.45,484.45,484.4826856534496,422.85,422.85,421.64262443439145
586,-16.66461680175978,-16.66461680175978,-12.329657429434832,35.13451644544837,35.13451644544837,34.41889926085752,483.5,483.5,484.7182406175167,420.4,420.4,421.7184615384639
587,-11.950237071414973,-11.950237071414973,-11.505495300123261,36.25804346536072,36.25804346536072,34.23267700962454,484.2,484.2,484.6542684766241,422.0,422.0,421.7652941176494
588,-2.228408129166389,-2.228408129166389,-10.03002735825352,33.72104154790262,33.72104154790262,34.31270329597089,484.9,484.9,484.75339366516107,422.1,422.1,422.02791855203856
589,-4.559778477943204,-4.559778477943204,-7.539060980507939,34.16168862361506,34.16168862361506,34.4223165701409,484.8,484.8,484.90579185520625,422.75,422.75,422.21837104072637
590,-2.0562840226948955,-2.0562840226948955,-4.490668174125234,34.30204842676103,34.30204842676103,34.11777581263003,485.1,485.1,485.04839366516103,421.35,421.35,422.42638009050006
591,-8.428188322238594,-8.428188322238594,-3.4710158271657683,34.188806086416974,34.188806086416974,34.14626889280875,485.0,485.0,485.1786425339394,422.35,422.35,422.6273755656132
592,4.178101387995061,4.178101387995061,-2.738852016174597,32.69867452653675,32.69867452653675,33.94926815969568,487.0,487.0,485.24843891402975,423.65,423.65,422.7775565610883
593,-12.955577577102622,-12.955577577102622,-2.123812382740886,34.08060286183333,34.08060286183333,33.66153475478878,484.15,484.15,485.24533936651846,423.05,423.05,423.0829864253417
594,0.22104346514054732,0.22104346514054732,-2.2070243275183206,34.42848150333437,34.42848150333437,33.60059310126613,486.05,486.05,485.06373303167686,423.9,423.9,423.17751131221956
595,-0.785465506632346,-0.785465506632346,-2.3994871163390012,33.199071473845365,33.199071473845365,33.63732259949525,484.5,484.5,484.86330316742345,423.25,423.25,423.43063348416524
596,33.12998062276165,-1.0421297041171471,-1.776072972911307,32.299721374478125,32.299721374478125,33.596014192372934,-100.0,484.325,484.69314479638274,423.3,423.3,423.6771945701381
597,-1.2987939016019483,-1.2987939016019483,-1.3493258012641582,35.36942451674987,35.36942451674987,33.339876490286755,484.15,484.15,484.497466063351,423.2,423.2,423.9674208144819
598,-0.0,-0.9362972894728872,-0.6359115053298467,32.40637392110396,32.40637392110396,33.13219115949114,-100.0,484.2,484.3309728506814,424.0,424.0,424.074343891405
599,32.29789191726805,-0.5738006773438261,-0.7033063833989912,33.71552244460931,33.71552244460931,33.13744735687296,-100.0,484.25,484.16701357466326,424.2,424.2,424.1356561085996
600,-0.0,-0.21130406521476508,0.574317137054984,33.05009770729589,33.05009770729589,32.96631466218671,-100.0,484.29999999999995,484.2965837104099,424.85,424.85,424.3481447963824
601,2.4670427690686507,0.15119254691429607,-0.023888854796376348,32.30000020624902,32.30000020624902,33.08900917853987,-100.0,484.34999999999997,484.2085520362018,424.75,424.75,424.41859728507023
602,32.30007177979471,0.5136891590433572,0.41899397639653363,33.06622807006021,33.06622807006021,33.13974669527658,-100.0,484.4,484.36558823529674,424.35,424.35,424.3950226244367
603,-3.3653179851314783,0.8761857711724181,0.737118131991451,31.367678381481866,31.367678381481866,33.09319605769453,-100.0,484.45,484.37411764706144,424.2,424.2,424.1329411764729
604,-0.0,1.2386823833014795,1.1290228427997955,33.67684718890749,33.67684718890749,32.70624532075995,-100.0,484.5,484.4935294117674,424.1,424.1,423.9570588235317
605,0.679674857085794,1.6011789954305404,1.6625985722984193,34.373380248494854,34.373380248494854,32.7273677139696,-100.0,484.55,484.51407239819275,423.55,423.55,423.5549321266992
606,-0.8840294836506477,1.9636756075596014,2.2699760252285137,33.03775946415536,33.03775946415536,32.68537347741937,-100.0,484.6,484.5123755656135,423.6,423.6,423.0742986425363
607,-3.9316676528510457,2.3261722196886625,2.7694013019306976,33.271264265118276,33.271264265118276,32.57968738480991,-100.0,484.65,484.59602714932396,422.3,422.3,422.7317647058847
608,-0.0,2.688668831817724,3.151177367365701,31.195326318948844,31.195326318948844,32.708641503658285,-100.0,484.7,484.76045701357737,421.6,421.6,422.3844343891426
609,3.0511654439467844,3.0511654439467844,3.4099622048866043,31.975593427104926,31.975593427104926,32.790411599296576,484.75,484.75,484.9990135746633,422.0,422.0,422.2598190045272
610,4.764626134859079,4.764626134859079,3.5447688162388413,31.420034525916737,31.420034525916737,32.796818391952115,485.65,485.65,485.30296380090766,422.95,422.95,422.0268778280566
611,5.104508145514979,5.104508145514979,3.5589652215601957,33.46775214074699,33.46775214074699,32.43837484846635,484.8,484.8,485.6614932126723,421.0,421.0,421.7147963800928
612,33.45644413631998,3.7745952247553616,3.3042088758059793,33.65200159370419,33.65200159370419,32.298509778121556,-100.0,485.875,486.0426470588263,421.65,421.65,421.60221719457246
613,2.444682303995745,2.444682303995745,3.1982077270701494,32.02694382442098,32.02694382442098,32.54467104768953,486.95,486.95,486.4473303167448,422.7,422.7,421.62764705882586
614,-0.0,2.3259493837699314,2.6703712150170418,34.42712020754909,34.42712020754909,32.77581756107557,-100.0,487.23,487.0907466063376,421.45,421.45,421.9212217194593
615,-0.0,2.2072164635441176,2.418090714522683,32.20315231960648,32.20315231960648,32.90280485366124,-100.0,487.51,487.47180995475384,422.45,422.45,421.9900000000023
616,7.20456188235387,2.088483543318304,2.7938442834884034,31.135926142426914,31.135926142426914,32.72834663975381,-100.0,487.79,487.8164932126724,420.65,420.65,422.17941176470816
617,-0.0,1.9697506230924906,2.9695395540094744,31.844050602982286,31.844050602982286,32.599839616660695,-100.0,488.07,488.14506787330583,421.65,421.65,422.4351971557877
618,1.851017702866677,1.851017702866677,2.900090456891911,33.39282128306156,33.39282128306156,32.45682795645319,488.35,488.35,488.4858144796407,423.65,423.65,422.79872441284436
619,3.943213883284222,3.943213883284222,2.435904370475744,34.13399248850579,34.13399248850579,32.46006522326121,488.9,488.9,488.45583710407516,423.65,423.65,422.87841628959507
620,2.131427522642111,2.131427522642111,2.400666477655963,32.21414940891381,32.21414940891381,32.77878315199145,489.45,489.45,488.3914027149349,423.6,423.6,422.9316031027819
621,6.941479017901431,6.941479017901431,2.653111392965098,31.09013876469756,31.09013876469756,32.52731937843565,486.9,486.9,488.39882352941447,422.3,422.3,423.10674639086636
622,6.207243394092855,6.207243394092855,3.348429174944228,32.19157296416744,32.19157296416744,32.39265835884993,488.75,488.75,488.39609954751404,424.3,424.3,423.25470588235527
623,-0.37544596818972337,-0.37544596818972337,4.1800230925372714,32.97985259211422,32.97985259211422,32.1701311918284,488.7,488.7,488.3023710407267,423.0,423.0,423.3667032967057
624,-0.8149461218405206,-0.8149461218405206,4.913160005211456,32.982316658378245,32.982316658378245,31.684056412882953,487.85,487.85,488.13284162896196,422.5238095238095,422.5238095238095,423.11622279681336
625,2.455854500879624,2.455854500879624,5.5342436456038735,31.844523240031194,31.844523240031194,31.417180064216467,487.1,487.1,487.93300904977644,422.4,422.4,422.830096961864
626,10.240111837923642,10.240111837923642,6.0403555658105255,31.853169661183696,31.853169661183696,31.16953969195894,488.3,488.3,487.87986425339636,423.0,423.0,422.95493212669913
627,10.233390489684018,10.233390489684018,6.530703850317852,27.993372898437308,27.993372898437308,31.15544809011207,488.4,488.4,487.71839366516105,423.5,423.5,422.93009480715597
628,10.114652835256218,10.114652835256218,6.988858381558713,30.32271903525237,30.32271903525237,31.051609721430545,487.8,487.8,487.804841628962,423.55,423.55,423.05382029735205
629,7.79690270572739,7.79690270572739,7.991149251608924,31.71112769274055,31.71112769274055,30.70687219421515,487.15,487.15,487.6371870286604,422.15,422.15,423.0633484162919
630,6.778429830888264,6.778429830888264,9.073436931792402,30.919650013998112,30.919650013998112,30.67060733290347,487.3,487.3,487.63151080945465,422.65,422.65,423.24935789700726
631,-0.0,7.405823007144004,9.345589322892803,32.15107112449666,32.15107112449666,30.75230782083795,-100.0,487.675,487.64971091000774,423.7,423.7,423.3149709114439
632,8.033216183399745,8.033216183399745,9.120406488036899,30.05374148009117,30.05374148009117,31.006243164473496,488.05,488.05,487.579321266971,424.5,424.5,423.18981900452724
633,8.413683058797693,8.413683058797693,8.785884736021416,31.331925753040597,31.331925753040597,31.252592941932605,486.55,486.55,487.3732403217724,422.3,422.3,423.17420814479874
634,11.135824448548409,11.135824448548409,9.121733511798865,30.97231797196823,30.97231797196823,31.503547400407033,488.25,488.25,487.2432604323808,424.1,424.1,423.34841628959515
635,10.139955110600948,10.139955110600948,9.518887966560376,30.745279229855008,30.745279229855008,31.243434987301498,487.15,487.15,487.16932880844917,423.25,423.25,423.5008597285091
636,-0.0,10.24199586156806,10.077401236669676,32.34462921341866,32.34462921341866,30.920838201569133,-100.0,486.8472222222222,486.89768979386895,422.85,422.85,423.60542986425577
637,9.490748873499735,10.344036612535174,10.496003045767083,30.82273228729419,30.82273228729419,30.739294461376478,-100.0,486.5444444444444,486.5267596782329,423.1,423.1,423.65027149321503
638,11.565195346302557,10.446077363502287,10.622902839129711,31.156625588517933,31.156625588517933,30.57420151420167,-100.0,486.2416666666667,486.15432126697107,423.4,423.4,423.6728054298666
639,9.52496040857204,10.5481181144694,11.00551452489692,30.493052917352546,30.493052917352546,30.68560101277685,-100.0,485.93888888888887,485.87415284062615,425.3,425.3,423.88466063348653
640,-0.0,10.650158865436513,11.164650729470903,29.823732336851098,29.823732336851098,30.476418218434745,-100.0,485.63611111111106,485.68795123177745,424.65,424.65,424.22140271493447
641,10.752199616403626,10.752199616403626,11.122340315488495,29.75196856935878,29.75196856935878,30.551380762752792,485.3333333333333,485.3333333333333,485.39198340875083,423.25,423.25,424.10981900452725
642,11.717681366107275,11.717681366107275,11.148777121642281,29.606146704738432,29.606146704738432,30.559957095229347,484.4,484.4,485.46147561589004,423.85,423.85,424.2987330316766
643,11.777610690385929,11.777610690385929,11.231275587348353,31.187325701325424,31.187325701325424,30.585948557349447,485.4,485.4,485.31203871292377,424.95,424.95,424.2037104072421
644,11.522341852799288,11.522341852799288,11.377421074553476,31.68864619705845,31.68864619705845,30.984414648271645,485.6,485.6,485.44726998491967,424.3,424.3,424.2248416289616
645,13.014344411775953,13.014344411775953,11.30005430062357,31.49916388563484,31.49916388563484,30.979980812945875,485.75,485.75,485.3812242332857,424.6,424.6,424.05257918552275
646,9.635586942867501,9.635586942867501,11.235156496782869,30.57622452941669,30.57622452941669,31.137255749921536,485.5,485.5,485.2186852689821,423.5,423.5,423.74497737556794
647,-0.0,10.113907506258851,11.186240446324772,32.080891817414766,32.080891817414766,31.31035800255335,-100.0,485.625,485.21255656108866,422.8,422.8,423.9174660633508
648,10.592228069650199,10.592228069650199,11.130337779738369,30.810025981802966,30.810025981802966,31.178143033477795,485.75,485.75,485.2911689291128,424.65,424.65,424.0381900452512
649,12.382543719468924,12.382543719468924,10.936524701922185,31.366378858392274,31.366378858392274,31.038418366655165,484.2,484.2,485.33595022624706,423.1,423.1,423.95683257918785
650,11.238615630388972,11.238615630388972,10.98912521229205,31.13424268266506,31.13424268266506,30.792252464247376,486.1,486.1,485.2955882352968,425.0,425.0,423.88027149321505
651,9.942469674999016,9.942469674999016,10.9570633848227,28.963247213248465,28.963247213248465,30.530326922822667,483.3333333333333,483.3333333333333,485.178273001511,422.9,422.9,423.8188235294141
652,11.604636268899204,11.604636268899204,11.039514170322636,31.53813013755966,31.53813013755966,30.737627150942004,484.95,484.95,485.47581447964075,424.05,424.05,424.18986425339597
653,11.458473296115175,11.458473296115175,11.482525325903959,30.675362603518916,30.675362603518916,30.744744159046434,486.55,486.55,485.08509049774017,425.7,425.7,424.002126696835
654,-0.0,11.090326329720849,11.346560208176609,29.475848636224292,29.475848636224292,30.446925787148878,-100.0,485.775,484.82456259427113,423.35,423.35,423.75841628959506
655,10.722179363326525,10.722179363326525,11.275142327604026,31.153588881558715,31.153588881558715,30.316773395867838,485.0,485.0,484.6318264088879,423.35,423.35,423.45285067873533
656,11.94368140271665,11.94368140271665,11.094209642817278,30.583659740094003,30.583659740094003,30.42409447039896,484.95,484.95,484.64960304401745,423.55,423.55,423.5285067873326
657,10.534149401925514,10.534149401925514,11.070234017649481,30.54635342646727,30.54635342646727,30.346748647173666,484.1,484.1,484.69309474839156,423.55,423.55,423.57058823529644
658,11.763347247008115,11.763347247008115,10.650206112381685,32.315345663750854,32.315345663750854,30.548736811436434,485.25,485.25,484.7376509438301,425.0,425.0,423.74140271493445
659,10.79400063987386,10.79400063987386,10.086370653940275,28.172227847515305,28.172227847515305,30.294637756746216,479.95,479.95,484.6127738927766,419.55,419.55,423.8484162895951
660,8.682179748643504,8.682179748643504,9.868470871024664,29.106462446990328,29.106462446990328,30.36881238791333,486.0,486.0,484.41903674756884,424.75,424.75,423.92027149321507
661,10.285704734232207,10.285704734232207,9.566901859385217,31.10884634034305,31.10884634034305,30.64535054097774,485.6,485.6,484.48367932721146,425.35,425.35,424.31520361991187
662,8.54815081875863,8.54815081875863,9.246089936640606,32.14753068571447,32.14753068571447,30.548810641129784,486.1818181818182,486.1818181818182,484.53722199369525,426.1,426.1,424.61099547511543
663,8.266412559458177,8.266412559458177,8.934071653876233,29.189947656293945,29.189947656293945,30.48238681744918,485.35,485.35,484.6276964212285,425.2,425.2,424.9916289592784
664,7.2703879744722855,7.2703879744722855,8.70981770027593,31.938732358767048,31.938732358767048,30.705126827024976,483.22222222222223,483.22222222222223,484.74369989487906,424.35,424.35,425.31800904977615
665,9.772176410644985,9.772176410644985,8.348414117005529,29.67215783337302,29.67215783337302,30.864443109669033,484.8,484.8,484.5055039078596,425.5,425.5,425.2769683257942
666,9.895556660026749,9.895556660026749,8.241821797728084,31.80574365530856,31.80574365530856,31.161951714838132,483.15,483.15,484.43858357329214,424.4,424.4,425.42493212669916
667,7.762106839250181,7.762106839250181,8.33684685915851,31.736379559850064,31.736379559850064,31.07187747101775,484.45,484.45,483.7773280314484,426.0,426.0,425.07832579185754
668,8.20709352839576,8.20709352839576,8.071313801520958,29.091395323225605,29.091395323225605,30.806604935297365,483.95,483.95,483.6709228026902,425.9,425.9,425.06375565611097
669,8.008117966429756,8.008117966429756,8.290387222678252,30.768193469676383,30.768193469676383,30.522990708948115,484.0,484.0,483.41896064719856,425.4,425.4,425.0604072398213
670,7.261802725701237,7.261802725701237,8.292756462298547,32.670161449477725,32.670161449477725,30.61749176629528,482.9,482.9,483.3252589240852,423.9,423.9,425.12633484163126
671,7.8869334744460575,7.8869334744460575,8.327074643771958,29.74099101187304,29.74099101187304,30.460365064604666,481.85,481.85,483.36779142426474,423.25,423.25,425.23579185520595
672,8.833175181612038,8.833175181612038,8.304029295483039,29.595086798872323,29.595086798872323,30.11873924914466,483.95,483.95,483.15993104934546,426.25,426.25,425.21828054298874
673,9.175209825986471,9.175209825986471,8.348224301083913,30.081872591236042,30.081872591236042,29.77945484872514,483.75,483.75,482.92877828054566,426.75,426.75,425.2055203619933
674,7.800907941647199,7.800907941647199,8.783317172815044,28.875668759033275,28.875668759033275,29.928490487197337,482.85,482.85,482.5536393018773,425.05,425.05,425.13809954751366
675,10.27997338945354,10.27997338945354,8.803359215628646,29.386342507238073,29.386342507238073,29.791163969704076,481.6,481.6,482.4552833441096,424.95,424.95,425.3165610859752
676,8.221941963541967,8.221941963541967,9.072139987661656,31.123549884060736,31.123549884060736,29.334287002077822,482.8,482.8,482.57063348416557,425.25,425.25,425.6879638009073
677,9.373049672077075,9.373049672077075,9.097369613724826,28.9478254962091,28.9478254962091,28.91248213526547,482.75,482.75,482.18910148675127,425.9,425.9,425.5209049773779
678,9.187563021571684,9.187563021571684,9.218373263713419,27.17153960306441,27.17153960306441,28.96350652205338,481.1904761904762,481.1904761904762,481.8751669898756,425.05,425.05,425.3859728506811
679,8.298885351176839,8.298885351176839,9.208874822214682,31.344497572715603,31.344497572715603,29.050865458284978,480.8,480.8,481.6699159663893,425.05,425.05,425.28791855203855
680,10.562008422846985,10.562008422846985,9.099453314397689,29.76443377404936,29.76443377404936,29.27526635269254,482.35,482.35,481.4801809954778,426.2,426.2,425.2912217194594
681,8.055029435048787,8.055029435048787,9.226680593072903,26.220235617364377,26.220235617364377,29.27292457539665,482.6,482.6,481.4011204481819,425.9,425.9,425.413755656111
682,10.482841141636758,10.482841141636758,9.432959850545142,28.689263655924446,28.689263655924446,29.269275066969556,481.4,481.4,481.3680284421488,425.1,425.1,425.4796380090521
683,8.498898010901248,8.498898010901248,9.78753275611455,29.274306287159014,29.274306287159014,29.14293130803814,478.05,478.05,481.1246153846181,422.6,422.6,425.39452488688016
684,10.708728081700855,10.708728081700855,9.845768327523157,31.308708607760515,31.308708607760515,29.516865495719752,482.9,482.9,481.06160525749027,427.6,427.6,425.3582805429888
685,8.625105632306692,8.625105632306692,9.728302091669006,31.082395727359327,31.082395727359327,29.4282360825457,482.35,482.35,481.17972204266584,426.6,426.6,425.4350226244367
686,9.541329184133723,9.541329184133723,9.703875140868345,29.378060538061685,29.378060538061685,29.167995867670264,479.8,479.8,481.2655656108624,424.45,424.45,425.5637556561109
687,11.924190803558492,11.924190803558492,9.74637761419449,27.29775648255493,27.29775648255493,29.46183541913722,481.55,481.55,481.10248868778547,425.7,425.7,425.5741176470612
688,11.158552619293216,11.158552619293216,9.961375240817741,29.76605845092806,29.76605845092806,29.764487731271053,481.45,481.45,481.32457013574924,425.95,425.95,425.93529411764945
689,8.597289950221487,8.597289950221487,10.008730627965713,28.60175402913867,28.60175402913867,29.155508435146057,480.9,480.9,481.79253393665425,425.2,425.2,426.2439819004549
690,8.727334917688845,8.727334917688845,10.347187947401387,30.28059578631342,30.28059578631342,28.934768322354913,482.15,482.15,482.2384162895954,426.55,426.55,426.65809954751364
691,8.964445007968925,8.964445007968925,10.459298123454559,27.530546485495414,27.530546485495414,28.870545970590086,482.6,482.6,481.85837104072664,426.85,426.85,426.3383710407264
692,11.941323043523063,11.941323043523063,10.874747676902665,30.232141282674107,30.232141282674107,29.13878717686265,482.2,482.2,481.9257013574687,427.3,427.3,426.5457013574685
693,12.129205606635912,12.129205606635912,11.065009690638401,29.93640748318042,29.93640748318042,29.550755578550998,481.5,481.5,482.13692307692577,426.55,426.55,426.8020814479662
694,10.932811732259202,10.932811732259202,11.235728663302671,28.682931088435033,28.682931088435033,29.54868121545823,483.95,483.95,482.1496832579212,428.15,428.15,426.9052941176494
695,12.080722385242469,12.080722385242469,11.418886294464846,27.017717433171956,27.017717433171956,29.437494639492968,482.8,482.8,482.3449773755683,426.5,426.5,427.0564705882377
696,-0.0,11.775640648993352,11.676244557047404,31.771091281115314,31.771091281115314,29.367679871919265,-100.0,481.4,482.92244343891673,427.2,427.2,427.64027149321504
697,11.470558912744236,11.470558912744236,11.487597374204626,30.355824146615788,30.355824146615788,28.90743663256373,480.0,480.0,482.8064253393692,424.9,424.9,427.3947511312241
698,11.756634978667186,11.756634978667186,11.275304333454942,29.32733736117594,29.32733736117594,28.73997903099377,483.45,483.45,482.8214932126724,428.2,428.2,427.3755656108621
699,10.71484302968251,10.71484302968251,10.760534079575873,28.216072427920032,28.216072427920032,28.497614440026737,484.35,484.35,482.929321266971,428.4,428.4,427.3155656108621
700,9.861073099546816,9.861073099546816,10.39342226806913,26.628216735596993,26.628216735596993,28.5744805752369,484.3,484.3,483.0370135746633,428.5,428.5,427.33692307692536
701,8.995446298276661,8.995446298276661,10.162202645373828,28.8695602704502,28.8695602704502,28.29588051414406,484.35,484.35,483.15891402715204,428.1,428.1,427.31529411764944
702,10.672248105578728,10.672248105578728,9.772016462278941,26.635123448941165,26.635123448941165,28.145480922878797,484.45,484.45,483.5227149321294,428.6,428.6,427.4876923076947
703,9.362213168526816,9.362213168526816,9.47760859231093,27.127258969955243,27.127258969955243,27.690247242464963,479.5,479.5,483.9188687782832,423.0,423.0,427.51443438914265
704,10.134038220551991,10.134038220551991,9.317435782850865,29.795950111616726,29.795950111616726,27.94272349713235,484.3,484.3,484.179321266971,428.55,428.55,427.6647511312241
705,8.28390712130553,8.28390712130553,8.772476026111196,29.656138913216225,29.656138913216225,28.057695150652705,484.6,484.6,484.14244343891676,427.45,427.45,427.4948868778305
706,8.996819988617965,8.996819988617965,9.230354419684977,27.597762096904912,27.597762096904912,28.253294768217767,485.05,485.05,484.5644796380118,428.2,428.2,427.7499547511336
707,9.616304244526335,9.616304244526335,9.363451361670073,26.01727318296735,26.01727318296735,28.08105681253795,485.7,485.7,485.064841628962,428.35,428.35,427.95954751131455
708,8.687875202369566,8.687875202369566,9.49159391600717,29.733969477874595,29.733969477874595,28.155894304107058,485.35,485.35,485.72321266968595,428.35,428.35,428.3188687782829
709,8.950432584015994,8.950432584015994,9.489512208013437,28.03541300433644,28.03541300433644,28.285478257465233,486.45,486.45,486.3289592760208,428.65,428.65,428.6221719457037
710,9.558779221649631,9.558779221649631,9.763772533908782,28.908396306813284,28.908396306813284,28.39576290877012,486.55,486.55,486.95904977375835,429.15,429.15,429.0721202327108
711,8.784256462149326,8.784256462149326,9.535961984127656,27.023157506998977,27.023157506998977,28.23059042152903,487.05,487.05,486.9485520362018,429.0,429.0,428.93625080801786
712,14.707975026911544,14.707975026911544,9.665132349666727,28.378296381149887,28.378296381149887,28.600313256858136,488.25,488.25,487.1532579185548,429.55,429.55,429.1135746606359
713,7.120732205633019,7.120732205633019,9.339599054228014,27.597622011682578,27.597622011682578,28.981218956568807,487.0,487.0,487.3709954751158,428.25,428.25,429.1451325145466
714,9.310763421529561,9.310763421529561,9.1758110867269,31.490017244343797,31.490017244343797,28.804356950513167,487.8,487.8,487.5190950226271,429.45,429.45,429.1854945054969
715,8.622810077546045,8.622810077546045,8.96241393700231,27.990720816854328,27.990720816854328,28.304539393068872,486.8,486.8,487.66117647059104,428.9,428.9,429.1851131221743
716,8.362581027178248,8.362581027178248,8.877113245563681,29.661034144398098,29.661034144398098,28.258955829015463,487.65,487.65,487.76217194570404,429.8,429.8,429.32787976729395
717,6.328317151511644,6.328317151511644,8.315233943278814,27.26065132402738,27.26065132402738,28.129883798795873,487.95,487.95,487.91692307692574,429.8571428571429,429.8571428571429,429.4072786037516
718,9.675975039910304,9.675975039910304,8.008232599866954,29.300694475946656,29.300694475946656,28.239851333685255,487.7,487.7,487.8719457013601,428.7,428.7,429.4601874596016
719,6.856407952855886,6.856407952855886,7.5402815145158915,26.286283600119333,26.286283600119333,27.91051828705909,488.4,488.4,487.91814479638276,429.45,429.45,429.6121719457037
720,8.843864144192125,8.843864144192125,7.530377524709584,25.29968161302911,25.29968161302911,27.75036849489041,487.9,487.9,488.05361990950496,429.6,429.6,429.77033613445616
721,7.18605630744988,7.18605630744988,6.994351504974343,28.085303017773676,28.085303017773676,27.492104480561032,488.25,488.25,488.0453846153873,430.0,430.0,429.81142210730684
722,7.6627698846514125,7.6627698846514125,6.573731770775089,29.11858279943709,29.11858279943709,27.75300548085015,488.45,488.45,488.04753846154114,430.8,430.8,429.8014479638033
723,3.890184919738859,3.890184919738859,6.074003354208584,28.608543464262304,28.608543464262304,27.64097530918871,487.65,487.65,487.86863348416557,429.3,429.3,429.81905623788214
724,7.114878500070754,7.114878500070754,5.556457743867037,28.32162177465758,28.32162177465758,27.955437747155244,486.95,486.95,487.69238009050036,429.75,429.75,430.00669036845744
725,4.24400297289127,4.24400297289127,4.80386058363409,26.56392010085184,26.56392010085184,28.00143596773186,488.2,488.2,487.50443438914294,430.65,430.65,430.1659728506811
726,3.057341386835375,3.057341386835375,4.4506401081554445,28.45556156268063,28.45556156268063,28.045444306133575,487.2,487.2,487.2568325791882,429.65,429.65,430.19778280543227
727,5.088881621661799,5.088881621661799,3.927353344218,27.905655645801215,27.905655645801215,27.92374947159953,487.1,487.1,487.0707058823556,430.15,430.15,430.27366515837343
728,3.4430518001526966,3.4430518001526966,3.739619304203246,27.787841581977332,27.787841581977332,27.538386605511086,486.7,486.7,486.8413031674236,429.7,429.7,430.44411764706115
729,-0.0,3.4809462728075555,3.566651937303832,27.20332577821618,27.20332577821618,27.3204202029738,-100.0,486.59,486.6627420814507,431.35,431.35,430.57755656108833
730,3.574026244095538,3.518840745462414,3.6251813442323626,28.48798092297433,28.48798092297433,27.428005128172156,-100.0,486.47999999999996,486.5525339366543,430.95,430.95,430.54000000000235
731,-0.0,3.556735218117273,3.3968723259859614,26.394640126832293,26.394640126832293,27.566904292949413,-100.0,486.37,486.40312217194844,430.2,430.2,430.4059276018123
732,-0.0,3.5946296907721313,3.5977101444953545,26.173705269852015,26.173705269852015,27.658729261333193,-100.0,486.26,486.18514027149587,430.7,430.7,430.224570135749
733,-0.0,3.6325241634269902,3.6345924518256183,28.50663795246433,28.50663795246433,27.528953497740712,-100.0,486.15,486.1268235294144,430.65,430.65,430.2326696832603
734,-0.0,3.670418636081849,3.551567509435001,27.550922851361367,27.550922851361367,27.492253302344942,-100.0,486.03999999999996,486.0195294117673,430.5,430.5,430.11628959276254
735,-0.0,3.7083131087367076,3.7083131087367285,27.98110631395286,27.98110631395286,27.461647933021485,-100.0,485.93,485.9300000000027,428.9,428.9,430.05325791855444
736,-0.0,3.7462075813915665,3.746207581391587,28.825113821575705,28.825113821575705,27.67999045405835,-100.0,485.82,485.82000000000266,428.35,428.35,429.9334841628983
737,1.7075373794478994,3.784102054046425,3.7841020540464463,27.386488856561154,27.386488856561154,27.839534224611075,-100.0,485.71,485.7100000000027,430.55,430.55,429.87929541047424
738,-0.0,3.821996526701284,3.8219965267013047,26.92125117634608,26.92125117634608,28.1339068276695,-100.0,485.59999999999997,485.60000000000275,430.1,430.1,429.81132299073715
739,-0.0,3.8598909993561428,3.859890999356165,27.282723345446687,27.282723345446687,28.040736818205005,-100.0,485.49,485.49000000000274,430.8,430.8,429.8234841628983
740,2.7231072425413005,3.8977854720110012,3.897785472011023,27.436538520836077,27.436538520836077,27.589490214139246,-100.0,485.38,485.38000000000267,430.0,430.0,429.88193277311166
741,-0.0,3.93567994466586,3.935679944665882,28.636693651095644,28.636693651095644,27.394007245912462,-100.0,485.27,485.27000000000265,430.1,430.1,430.1467140702459
742,-0.0,3.9735744173207186,3.973574417320741,29.22954614837562,29.22954614837562,27.190988475879262,-100.0,485.15999999999997,485.1600000000026,429.7,429.7,430.5679185520386
743,-0.0,4.0114688899755775,4.0114688899756,27.101110260829177,27.101110260829177,27.16723162784576,-100.0,485.05,485.0500000000026,429.15,429.15,430.1063606981278
744,-0.0,4.049363362630436,4.049363362630459,26.345151793557385,26.345151793557385,27.141168323389344,-100.0,484.94,484.94000000000267,430.0952380952381,430.0952380952381,429.5071988795542
745,-0.0,4.087257835285294,4.0872578352853175,25.33369134473195,25.33369134473195,27.36404477305513,-100.0,484.83,484.8300000000027,430.8,430.8,429.56436974790154
746,-0.0,4.125152307940153,4.125152307940176,25.76350738021767,25.76350738021767,27.138004198742575,-100.0,484.71999999999997,484.72000000000276,429.8,429.8,429.3313574660657
747,-0.0,4.163046780595012,4.163046780595035,27.930055842693445,27.930055842693445,26.915332071789557,-100.0,484.61,484.61000000000263,430.1,430.1,429.206895065721
748,-0.0,4.200941253249871,4.200941253249894,28.055652941130393,28.055652941130393,26.659227479000307,-100.0,484.5,484.5000000000027,427.9,427.9,428.8822042663243
749,28.04170928426005,4.23883572590473,4.238835725904753,27.882305826512813,27.882305826512813,26.83879429089857,-100.0,484.39,484.39000000000266,424.4,424.4,428.347013574663
750,-0.0,4.276730198559589,4.276730198559613,26.653029218420176,26.653029218420176,27.013783840845573,-100.0,484.28,484.2800000000027,430.05,430.05,428.0224542124566
751,-0.0,4.314624671214447,4.314624671214471,28.209610585834156,28.209610585834156,27.035457789866992,-100.0,484.17,484.17000000000263,430.95,430.95,427.72010989011227
752,-0.0,4.352519143869306,4.35251914386933,24.116568453495553,24.116568453495553,27.1071611492345,-100.0,484.06,484.0600000000027,426.0,426.0,427.58588235294354
753,-0.0,4.390413616524165,4.390413616524189,26.91947716865187,26.91947716865187,26.98190733705111,-100.0,483.95,483.9500000000027,427.2,427.2,427.31968325792093
754,-0.0,4.428308089179024,4.428308089179048,27.18461958655776,27.18461958655776,26.723131330169668,-100.0,483.84,483.84000000000265,426.1,426.1,427.39380090497974
755,-0.0,4.466202561833882,4.4662025618339065,28.178872525718692,28.178872525718692,26.55085833897382,-100.0,483.73,483.73000000000263,426.65,426.65,427.6161990950251
756,-0.0,4.5040970344887405,4.504097034488765,25.588663986787854,25.588663986787854,26.885907736665843,-100.0,483.62,483.6200000000027,429.3,429.3,427.65375565611095
757,-0.0,4.5419915071435994,4.541991507143624,27.098247304045582,27.098247304045582,26.96771060610972,-100.0,483.51,483.5100000000027,427.75,427.75,427.1864705882376
758,-2.971931530854446,4.579885979798458,4.579885979798484,27.67186159850587,27.67186159850587,27.1079708317403,-100.0,483.4,483.4000000000027,426.95,426.95,427.1008144796404
759,-0.0,4.617780452453317,4.617780452453343,26.48872813640984,26.48872813640984,27.13894062584428,-100.0,483.29,483.29000000000264,426.0,426.0,427.1776470588259
760,-0.0,4.655674925108176,4.655674925108203,26.42047559338228,26.42047559338228,26.88195367345591,-100.0,483.18,483.1800000000027,429.35,429.35,427.0246606334865
761,-0.0,4.693569397763034,4.693569397763061,27.103163252941183,27.103163252941183,26.63859168999332,-100.0,483.07,483.07000000000266,426.75,426.75,427.0642081447987
762,-0.0,4.731463870417893,4.731463870417919,28.97345889014944,28.97345889014944,26.561548797311893,-100.0,482.96,482.96000000000265,426.35,426.35,426.77651583710644
763,-0.0,4.769358343072752,4.769358343072779,24.626553385246233,24.626553385246233,26.632464821152887,-100.0,482.85,482.85000000000264,426.15,426.15,426.69352941176703
764,-0.0,4.807252815727611,4.8072528157276375,26.848661392032934,26.848661392032934,26.370614726145263,-100.0,482.74,482.7400000000027,425.85,425.85,427.11479638009286
765,-0.0,4.845147288382469,4.845147288382496,24.686198968759197,24.686198968759197,26.225060898235387,-100.0,482.63,482.6300000000027,427.1,427.1,427.7160633484187
766,-0.0,4.883041761037328,4.883041761037354,27.355601299586247,27.355601299586247,26.44682267579949,-100.0,482.52,482.5200000000026,429.15,429.15,428.1467420814504
767,-0.0,4.920936233692187,4.939084161346713,25.647090204843405,25.647090204843405,26.479482404149298,-100.0,482.41,482.3740000000027,428.35,428.35,428.3605882352965
768,-0.0,4.958830706347046,4.933139376561904,27.41820698939687,27.41820698939687,26.60227745025749,-100.0,482.3,482.26082352941444,427.8,427.8,428.7521266968349
769,-0.0,4.9967251790019045,5.040444901899235,26.382392570633186,26.382392570633186,26.594134491385493,-100.0,482.19,481.94761990950497,430.65,430.65,428.71628959276256
770,4.15333661331307,5.034619651656763,5.055671980116143,26.3986777980599,26.3986777980599,27.100720530993513,-100.0,482.08,482.05013574660904,430.3,430.3,428.8803619909526
771,3.1610369459029197,5.072514124311621,4.973309170624328,27.394076714045767,27.394076714045767,26.62695433763892,-100.0,481.97,482.14081447964065,429.55,429.55,428.7815384615408
772,-0.0,5.11040859696648,5.039011791519294,28.304723944553047,28.304723944553047,26.558612286992197,-100.0,481.86,482.19562895927874,426.95,426.95,428.43031674208385
773,5.148303069621339,5.148303069621339,5.154067852045641,25.995792909464843,25.995792909464843,26.64139727660173,481.75,481.75,482.1536742081475,426.9,426.9,427.9404977375589
774,4.9291019005041266,4.9291019005041266,5.033259259294497,26.669823836180996,26.669823836180996,26.64552065154878,482.15,482.15,482.16576470588507,426.4,426.4,427.6767873303191
775,5.630901793849631,5.630901793849631,4.978861275699071,25.062134800864772,25.062134800864772,26.569351537319797,482.0,482.0,482.27696832579454,427.3,427.3,427.3459728506811
776,4.43638600192069,4.43638600192069,4.847910314934922,26.621979895948886,26.621979895948886,26.407897438013478,485.05,485.05,482.3375565610886,429.45,429.45,426.85760180995715
777,5.071530617246859,5.071530617246859,5.296708159182032,23.582386169558404,23.582386169558404,26.226290471350886,481.95,481.95,482.60472398190313,426.25,426.25,426.817013574663
778,6.388308642577619,6.388308642577619,5.675631686351185,29.094668808787056,29.094668808787056,25.947328047697003,481.95,481.95,482.93584615384884,426.55,426.55,426.94891402715166
779,5.319981640451237,5.319981640451237,6.168493984597026,28.40821174303736,28.40821174303736,25.84244632593198,482.3,482.3,483.1019638009076,426.55,426.55,426.9693665158395
780,4.59353953354432,4.59353953354432,6.7286056804590695,24.00043851674274,24.00043851674274,25.997357615111248,483.8,483.8,483.59049773755925,427.6,427.6,427.11615384615624
781,7.277879447711431,7.277879447711431,6.880218199357256,26.09627685282218,26.09627685282218,25.92779610060659,484.35,484.35,484.16719457013846,427.2,427.2,427.3962443438938
782,7.990489069009526,7.990489069009526,7.372698658496151,24.371187710836143,24.371187710836143,26.154457076892655,484.45,484.45,485.1320361990977,427.2,427.2,427.9221719457038
783,11.056522300330721,11.056522300330721,7.632021923656366,26.404288064859067,26.404288064859067,26.195759659577924,486.4,486.4,485.6590045248896,428.35,428.35,428.215384615387
784,7.02773748741464,7.02773748741464,7.6931838837168005,25.7966706041295,25.7966706041295,26.513540739080394,485.95,485.95,486.7145701357492,428.1,428.1,428.83371040724217
785,8.104166152766018,8.104166152766018,8.039468462475469,26.841360016692956,26.841360016692956,26.14895567353948,486.5,486.5,487.6745248868805,428.3,428.3,429.43443438914267
786,7.254509022328799,7.254509022328799,8.261147488705008,26.92468679592221,26.92468679592221,26.45172587441136,490.15,490.15,488.0027149321294,431.85,431.85,429.43728506787573
787,6.0060007298402125,6.0060007298402125,8.381095272045751,26.724926612816677,26.724926612816677,26.699682915419025,489.25,489.25,488.4949321266996,430.8,430.8,429.63402714932363
788,10.218392656514343,10.218392656514343,8.120556855242194,27.956355563051726,27.956355563051726,26.419554803588106,489.75,489.75,488.5442986425366,430.65,430.65,429.56959276018335
789,6.747249793170242,6.747249793170242,8.359387285584248,26.375048575616542,26.375048575616542,26.483230824522565,486.35,486.35,488.77144796380367,427.35,427.35,429.4989140271517
790,9.433205064543545,9.433205064543545,8.509629035747018,26.30586685886589,26.30586685886589,26.21373079613519,490.15,490.15,488.77217194570403,429.8,429.8,429.3784162895952
791,10.673671202439861,10.673671202439861,9.075891002157256,24.135407335119716,24.135407335119716,26.013229283546757,489.0,489.0,488.7535294117673,429.7,429.7,429.16262443439155
792,7.9010954231002035,7.9010954231002035,9.40174544925425,26.258266183539636,26.258266183539636,25.730289115030303,485.95,485.95,488.42330316742357,425.9,425.9,428.69665158371276
793,9.852065228086017,9.852065228086017,9.964100278060986,24.810368728024343,24.810368728024343,25.708358109070208,490.15,490.15,488.31746606335116,430.5,430.5,428.44601809954986
794,9.49850093134301,9.49850093134301,10.105285078721604,25.89145621815686,25.89145621815686,25.719674191154418,486.75,486.75,488.60095022624705,427.5,427.5,428.6731221719481
795,11.861674793725454,11.861674793725454,10.093680745308822,27.079838794838466,27.079838794838466,25.85464969087737,490.7,490.7,488.87425339366786,430.0,430.0,428.9733031674232
796,9.092583925695498,9.092583925695498,10.19073421099084,25.183177870865162,25.183177870865162,25.890072028686742,488.35,488.35,489.31289592760453,429.15,429.15,429.3444796380114
797,10.47112083414622,10.47112083414622,9.991494782297522,25.690754033941637,25.690754033941637,26.048796845298334,488.6,488.6,489.1047511312244,428.25,428.25,429.1979185520386
798,11.010050740824733,11.010050740824733,10.022590454758141,26.532829707039184,26.532829707039184,26.07258097572931,489.35,489.35,489.33610859728776,429.25,429.25,429.37045248869015
799,10.403883698417653,10.403883698417653,10.165454520856969,27.088508389282765,27.088508389282765,25.906902698261195,491.75,491.75,489.6914932126724,431.65,431.65,429.7703167420838
800,8.166070249411229,8.166070249411229,9.960700622873537,25.804178429867587,25.804178429867587,26.122980873818776,489.65,489.65,489.67144796380364,429.95,429.95,429.7007692307716
801,10.34251034392387,10.34251034392387,9.938156962612409,25.7632764741711,25.7632764741711,26.03440849571333,489.4,489.4,490.07819004525163,429.45,429.45,430.03203619909743
802,8.814381122353165,8.814381122353165,10.134123365617349,24.07593907672334,24.07593907672334,25.86849457694676,489.25,489.25,489.9616289592787,428.9,428.9,429.96375565611095
803,11.264293630288272,11.264293630288272,10.29119766645115,26.88320930268389,26.88320930268389,25.747981498586984,488.35,488.35,490.279321266971,428.85,428.85,430.1651131221744
804,10.651430705783184,10.651430705783184,10.258064691837145,25.037015674334963,25.037015674334963,25.57267826494848,491.1,491.1,489.9661538461566,431.0,431.0,429.8510407239843
805,10.227924657394766,10.227924657394766,10.358928302363893,26.691227770982895,26.691227770982895,25.296017344463266,491.35,491.35,489.61972850679007,431.0,431.0,429.4377828054322
806,10.722275918984034,10.722275918984034,10.713482932651635,26.470756116345456,26.470756116345456,25.224177342421648,490.1,490.1,489.5299095022651,429.5,429.5,429.1271040724006
807,11.51472679262434,11.51472679262434,10.952860715215929,23.981150403098876,23.981150403098876,25.37346265701792,489.75,489.75,489.42719457013845,429.1,429.1,428.94185520362225
808,11.699442150688563,11.699442150688563,11.089238988630651,24.1507648287159,24.1507648287159,25.21223360762002,488.5,488.5,489.44425339366785,428.4,428.4,428.89751131221954
809,8.666177934552294,8.666177934552294,11.241484142692238,24.916315780842222,24.916315780842222,25.262140380283036,488.85,488.85,489.205248868781,428.15,428.15,428.5855203619933
810,11.458572983239971,11.458572983239971,10.966960490193909,26.05411166507777,26.05411166507777,25.154057572419106,486.85,486.85,488.9807692307719,426.0,426.0,428.28361990950464
811,11.33642250824469,11.33642250824469,10.54505381526816,24.928062042886417,24.928062042886417,25.534920237988953,489.95,489.95,488.69203619909774,429.25,429.25,427.93167420814723
812,11.689404049900755,11.689404049900755,10.424156988235467,26.30397734401128,26.30397734401128,25.613561962341628,490.2,490.2,488.7458371040751,428.8,428.8,428.06461538461775
813,10.208524438658761,10.208524438658761,9.96166998596528,25.730927169518807,25.730927169518807,25.634776834056936,487.6,487.6,488.99434389140544,427.85,427.85,428.28140271493453
814,10.904160154847636,10.904160154847636,9.961735528856376,24.7266056894523,24.7266056894523,26.062777625827813,490.5,490.5,489.2542986425366,429.55,429.55,428.5299547511336
815,8.248635956107067,8.248635956107067,9.856166222316933,27.516019364337428,27.516019364337428,26.182142731910858,487.95,487.95,489.6609049773783,427.2,427.2,428.9442081447988
816,7.852181639230229,7.852181639230229,9.977587503405516,26.582149684012833,26.582149684012833,26.19063612160195,490.1,490.1,489.9279185520389,429.45,429.45,429.2606334841653
817,8.490542057896477,8.490542057896477,9.5547984245223,26.605745932811768,26.605745932811768,25.90300812150433,490.35,490.35,489.7865610859755,429.35,429.35,429.21380090497973
818,12.159989958289847,12.159989958289847,9.90091523247379,24.356689323217438,24.356689323217438,25.777294258850738,490.2,490.2,489.6267420814507,430.4,430.4,429.0846153846178
819,9.238621249415845,9.238621249415845,10.195991414745087,25.048531938008814,25.048531938008814,25.97343700343357,490.2,490.2,489.9300000000027,428.95,428.95,429.4495022624458
820,12.575013433687309,12.575013433687309,10.051079677095062,28.02720941677812,28.02720941677812,25.825843306314354,490.15,490.15,489.9861085972878,429.9,429.9,429.41583710407474
821,8.819739397628608,8.819739397628608,10.133584917083452,25.03569681767539,25.03569681767539,25.80014007009004,490.1,490.1,489.87144796380363,429.7,429.7,429.4133484162919
822,10.806932910238071,10.806932910238071,10.359465351339546,24.823865466463197,24.823865466463197,25.50509254098869,488.65,488.65,489.99479638009325,428.1,428.1,429.4526244343915
823,9.65331393515186,9.65331393515186,10.199542798995074,24.320964431995975,24.320964431995975,25.63359028372934,487.9,487.9,489.73095022624705,427.85,427.85,429.19923076923317
824,12.443537051397092,12.443537051397092,9.691661770509775,27.269097832949157,27.269097832949157,25.595195478043287,492.25,492.25,489.6856561086,431.4,431.4,429.15330316742325
825,7.340564541188429,7.340564541188429,9.280059977208108,27.727778964420757,27.727778964420757,25.81205682780487,490.55,490.55,489.7087782805457,430.0,430.0,429.09343891402955
826,6.442748518312038,6.442748518312038,9.210501774101383,22.800489731542044,22.800489731542044,25.672735777666077,488.0,488.0,489.7361085972878,427.1,427.1,429.2500000000024
827,11.633665972910634,11.633665972910634,9.166070069949331,26.662383336196527,26.662383336196527,25.679782634570852,490.7,490.7,489.8064253393692,430.2,430.2,429.2013574660657
828,9.11030954663861,9.11030954663861,9.55670628422424,25.095330311011406,25.095330311011406,25.884691015838925,489.5,489.5,489.8734841628986,428.6,428.6,429.2818552036223
829,8.337433400215426,8.337433400215426,9.485709908628793,26.248509616267636,26.248509616267636,25.557068457626038,489.4,489.4,489.9869683257945,429.5,429.5,429.44384615384854
830,8.742616973715043,8.742616973715043,9.15422444655604,24.975327476833375,24.975327476833375,25.25004553237576,490.3,490.3,489.8379638009077,429.7,429.7,429.3906334841652
831,10.81580248052222,10.81580248052222,9.0418365163612,26.546962287189864,26.546962287189864,24.891613458281032,489.95,489.95,489.4861538461565,429.45,429.45,429.102941176473
832,9.857739453437356,9.857739453437356,9.321893622549874,24.634010278256355,24.634010278256355,24.899611189461858,489.75,489.75,489.60361990950497,429.65,429.65,429.30606334841866
833,10.880921334428766,10.880921334428766,9.453094267261065,25.361306870103007,25.361306870103007,25.03756664800961,489.8,489.8,489.77131221719725,428.9,428.9,429.4890045248892
834,8.141748913433707,8.141748913433707,9.028998028491309,23.145799812693397,23.145799812693397,24.90941011621306,489.55,489.55,489.78384615384886,429.7,429.7,429.53294117647295
835,6.56770837390054,6.56770837390054,8.854059649526157,23.46539243614421,23.46539243614421,25.116438251498117,489.7,489.7,489.98031674208414,429.75,429.75,429.7507692307716
836,6.251085192203891,6.251085192203891,8.502849780735213,26.17771606095825,26.17771606095825,25.257382264881322,489.3,489.3,490.21298642534214,429.2,429.2,430.00402714932363
837,10.763028862039423,10.763028862039423,7.732944854559932,26.09161126106231,26.09161126106231,25.568089360776995,490.2,490.2,490.34049773755925,429.45,429.45,430.09533936651815
838,8.574803368610961,8.574803368610961,6.947619323954761,26.005677910905984,26.005677910905984,25.642637408749117,490.9,490.9,490.4375565610886,431.15,431.15,430.2569230769255
839,8.591778106231558,8.591778106231558,6.497982767613476,25.98752033870926,25.98752033870926,26.110198912836395,491.65,491.65,490.66366515837376,431.0,431.0,430.51733031674445
840,3.987427879500226,3.987427879500226,5.840550897778298,27.417816753147,27.417816753147,26.192053071141892,491.45,491.45,490.9311312217221,431.7,431.7,430.79742081448205
841,4.48548496330795,4.48548496330795,5.929785343270485,25.750376121190293,25.750376121190293,26.306369600499163,490.55,490.55,491.3170135746634,430.25,430.25,431.1418552036223
842,5.396932378436626,5.396932378436626,5.812348497708957,26.08560938574418,26.08560938574418,26.219044557818094,491.5,491.5,491.34447963801176,431.55,431.55,431.3424886877852
843,3.8706904184711943,3.8706904184711943,5.594893408253854,25.566040498457166,25.566040498457166,25.638866992506202,490.3,490.3,491.2192760181023,429.65,429.65,431.3291855203644
844,5.990318167261338,5.990318167261338,5.70889763081179,24.97442853898847,24.97442853898847,25.043403212315045,490.85,490.85,491.30334841629235,431.95,431.95,431.4556108597309
845,6.303566289648753,6.303566289648753,6.134006735047252,26.077291128250803,26.077291128250803,24.800597430903977,492.55,492.55,491.26290723982174,432.35,432.35,431.2385972850702
846,5.918110506544221,5.918110506544221,6.357682012103302,23.54204825056623,23.54204825056623,24.45642813733358,491.75,491.75,491.1535463800932,431.7,431.7,431.1720361990974
847,9.536831150418388,9.536831150418388,6.620400434662698,24.662231501873666,24.662231501873666,24.365880813431346,491.15,491.15,491.0561425339394,431.9,431.9,431.35398190045487
848,6.1197668632357844,6.1197668632357844,6.361785729036326,24.271397186003544,24.271397186003544,24.379857506280516,489.0,489.0,490.9211990950254,429.7,429.7,431.14995475113363
849,7.136910410601213,7.136910410601213,6.007021726888165,21.88786628446171,21.88786628446171,24.54924059776949,491.1,491.1,490.66545248869056,430.55,430.55,431.05628959276254
850,7.401615243323341,7.401615243323341,5.677398390433039,24.34164102314172,24.34164102314172,24.627291826692712,492.65,492.65,490.5009671945729,432.4,432.4,431.1497285067897
851,2.6543060987008835,2.6543060987008835,5.1302774528083095,27.277686780192628,27.277686780192628,24.885463864235668,489.25,489.25,490.21803167421086,429.55,429.55,431.09429864253633
852,-0.0,3.2587308036458884,4.780623515972913,24.802067042029694,24.802067042029694,25.038841608478375,-100.0,489.48125,489.98805429864524,431.8,431.8,431.0989140271517
853,-0.0,3.8631555085908937,4.639119263584791,26.4608845248171,26.4608845248171,25.341216940235498,-100.0,489.7125,490.04441176470857,432.0,432.0,431.1706334841653
854,-0.0,4.467580213535899,4.704045003499026,24.677714577048913,24.677714577048913,25.522939078144056,-100.0,489.94375,490.28004524887155,428.9,428.9,431.45303167421054
855,6.018643530728286,5.0720049184809035,5.4744859202854474,26.283841956810466,26.283841956810466,25.477139767085585,-100.0,490.175,490.4980769230797,433.6,433.6,431.79488687783044
856,7.289187976770469,5.676429623425909,5.411812826109601,24.1578248807167,24.1578248807167,25.46709215391253,-100.0,490.40625,490.2638914027176,432.0,432.0,431.51298642534175
857,6.314681121423109,6.280854328370914,5.377651652863754,26.012206126407644,26.012206126407644,25.172649888174913,-100.0,490.63750000000005,490.1405656108625,431.55,431.55,431.2390497737581
858,-0.0,6.8852790333159195,5.639874107156845,24.45908980761284,24.45908980761284,25.007757368612346,-100.0,490.86875000000003,490.32162895927877,430.4,430.4,431.13443438914265
859,7.489703738260925,7.489703738260925,5.650200471895481,24.94990571997304,24.94990571997304,24.886342692082025,491.1,491.1,490.51518099547786,431.5,431.5,431.03773755656346
860,6.826559597545647,6.826559597545647,5.587732606891064,25.075338328649334,25.075338328649334,24.65800349407037,491.0,491.0,490.5699377828081,432.1,432.1,430.9909502262467
861,4.413754275116387,4.413754275116387,5.536702627578656,23.19404843482088,23.19404843482088,24.714924945192195,489.25,489.25,490.3074434389168,429.6,429.6,430.7328959276042
862,0.2871520780374062,0.2871520780374062,5.438629904358339,25.79493366837279,25.79493366837279,24.485735686771243,488.55,488.55,490.1994796380118,428.15,428.15,430.3184162895951
863,4.854342603251143,4.854342603251143,5.2366418027520165,25.134929153839078,25.134929153839078,24.50557920495362,490.05,490.05,489.90363122172215,430.95,430.95,430.262533936654
864,7.181159466888911,7.181159466888911,5.455362144367768,23.980449096751823,23.980449096751823,24.313726070138948,491.15,491.15,489.6748246606362,431.2,431.2,430.16416289592996
865,7.44686326795061,7.44686326795061,5.600539574447863,22.78010432590288,22.78010432590288,24.09496402405282,491.5,491.5,489.7349660633512,432.1,432.1,430.3002262443463
866,6.152812147755711,6.152812147755711,6.060040415588814,25.150522803044417,25.150522803044417,23.938081485707123,488.25,488.25,489.688914027152,428.75,428.75,430.0499095022648
867,6.561589790898938,6.561589790898938,6.775780857796252,24.41153422064372,24.41153422064372,24.037463280778866,488.0,488.0,489.6257616892938,428.95,428.95,430.30619909502497
868,6.327868699149175,6.327868699149175,7.53289583558633,23.185545451674123,23.185545451674123,24.043226780580227,490.45,490.45,489.583740573155,431.55,431.55,430.5133936651607
869,6.96308010473233,6.96308010473233,7.742002663099071,24.13849025616626,24.13849025616626,24.138482219824155,488.7,488.7,489.39742081448236,429.65,429.65,430.4872850678757
870,9.276009080519904,9.276009080519904,7.339055218201523,23.42931065532168,23.42931065532168,24.14771075913492,490.5,490.5,489.25363499246123,430.85,430.85,430.36262443439153
871,6.422940127559094,6.422940127559094,6.844766447572126,23.154801751864323,23.154801751864323,24.029403812584327,490.6,490.6,489.1557315233813,431.4,431.4,430.4106334841653
872,8.313900961326167,8.313900961326167,6.768289758478848,25.8905655592849,25.8905655592849,23.97967035712982,487.85,487.85,489.3949321266996,429.35,429.35,430.7305882352965
873,-0.0,6.848851059256168,6.406614785229868,25.113751857476423,25.113751857476423,23.798703452310427,-100.0,488.6333333333333,489.77155354449746,432.6,432.6,431.0989592760205
874,-0.0,5.383801157186168,5.925002385252161,23.268156449895407,23.268156449895407,23.84836014528939,-100.0,489.4166666666667,489.6602628743832,429.35,429.35,431.0664705882377
875,3.9187512551161694,3.9187512551161694,5.708407163415204,24.575454501232546,24.575454501232546,23.78752007879998,490.2,490.2,489.6285154061652,431.2,431.2,431.0439819004549
876,5.697717215718373,5.697717215718373,5.472143267221846,20.794140828648427,20.794140828648427,23.57617297230255,490.85,490.85,489.83363499246127,432.05,432.05,431.1539366515861
877,4.248253196736651,4.248253196736651,5.314274416360845,23.15417229170735,23.15417229170735,23.370445232037724,489.65,489.65,489.8601465201492,431.15,431.15,431.2632579185545
878,6.605795626980156,6.605795626980156,5.5109106094849825,24.814552754843422,24.814552754843422,23.48549765139045,490.75,490.75,490.06519931049615,432.1,432.1,431.2216742081472
879,3.7896041619644074,3.7896041619644074,5.306248215381853,23.72976376396005,23.72976376396005,23.39965920479692,489.35,489.35,490.33671191553816,430.1,430.1,431.35307692307936
880,6.854035946451418,6.854035946451418,5.627638538403712,23.264603526075867,23.264603526075867,23.462601736403673,489.25,489.25,490.29640379228886,431.0,431.0,431.21986425339605
881,7.795809932503578,7.795809932503578,6.279804120467998,23.01376216217188,23.01376216217188,23.855902418561698,491.4761904761905,491.4761904761905,490.16961430726406,431.8,431.8,431.3293665158395
882,6.074855707040051,6.074855707040051,6.474803146618851,23.80823624148994,23.80823624148994,23.97991905783104,490.15,490.15,490.0630704589555,430.9,430.9,431.06352941176704
883,-0.0,5.927358632028962,6.478541417127722,24.344950365828453,24.344950365828453,24.02911339788237,-100.0,490.09999999999997,490.13678733031946,432.05,432.05,431.05561085973085
884,-0.0,5.779861557017875,6.627069022151808,26.1325300075374,26.1325300075374,23.835617690905963,-100.0,490.05,490.16144365438754,429.8,429.8,431.0655656108621
885,5.632364482006786,5.632364482006786,6.503479252071614,22.57448433186796,22.57448433186796,23.918426059009896,490.0,490.0,490.0635100193951,431.75,431.75,430.95022624434625
886,8.608061867695326,8.608061867695326,6.554250238306467,23.265893367021988,23.265893367021988,24.159119218848573,489.95,489.95,490.13402714932397,430.75,430.75,431.0966515837128
887,7.589647472785717,7.589647472785717,6.142930799277656,25.295006642023072,25.295006642023072,24.075961653684793,489.8,489.8,490.0266149536765,430.5,430.5,430.8705429864277
888,3.686559570156539,3.686559570156539,5.9000889128735,22.519687045157028,22.519687045157028,24.0415389353523,490.35,490.35,489.8398254686517,431.1,431.1,430.779864253396
889,6.189731732460405,6.189731732460405,5.7732004318874015,23.059901723810896,23.059901723810896,23.833452583779682,490.45,490.45,489.89891402715205,431.6,431.6,430.83941176470825
890,5.820775105852072,5.820775105852072,5.233700105979849,25.80128903130693,25.80128903130693,23.7692868452236,489.0,489.0,489.92932126697104,430.2,430.2,430.8948416289617
891,5.047053725486149,5.047053725486149,5.125040579218817,24.675103571899687,24.675103571899687,23.65131207595091,490.05,490.05,489.9662895927629,430.8,430.8,431.1311764705906
892,4.8968208793926085,4.8968208793926085,5.238730568431924,23.02667758033974,23.02667758033974,23.955675150235486,490.25,490.25,490.0361990950254,431.55,431.55,431.0763800905001
893,4.267750979528565,4.267750979528565,4.834382964060595,22.38404726294383,22.38404726294383,23.892688463854135,489.8,489.8,490.20199095022895,430.25,430.25,431.38036199095257
894,-0.0,4.46833692482837,5.052534908909538,24.471457142716368,24.471457142716368,23.708786994154675,-100.0,490.1,490.1694117647086,432.05,432.05,431.38583710407477
895,-0.0,4.668922870128175,5.162561893212358,23.36496670469031,23.36496670469031,23.670102732718387,-100.0,490.4,490.1695927601838,431.9,431.9,431.4880542986449
896,4.86950881542798,4.86950881542798,4.999067959965568,24.30544646818312,24.30544646818312,23.453094483404968,490.7,490.7,490.270135746609,431.95,431.95,431.6301357466087
897,8.808648495156149,8.808648495156149,5.155315811844071,23.29475581639899,23.29475581639899,23.304363086395227,490.45,490.45,490.43882352941444,431.65,431.65,431.83217194570375
898,5.667656809663794,5.667656809663794,5.3973353296718045,24.43755932524604,24.43755932524604,23.546138237534066,490.65,490.65,490.4614932126724,431.5,431.5,431.86276018099784
899,2.3515783176506493,2.3515783176506493,5.634511572502721,22.89161746203883,22.89161746203883,23.83457160071081,490.55,490.55,490.56642533936923,432.4,432.4,431.8888687782829
900,6.633479581138466,6.633479581138466,5.884128407294029,22.6951126238362,22.6951126238362,24.01631802515867,489.35,489.35,490.6972398190072,430.7,430.7,431.9624886877852
901,4.731077932219637,4.731077932219637,6.05179865723727,23.717304571871534,23.717304571871534,24.099242531820764,491.2,491.2,490.7693665158398,432.9,432.9,431.84796380090734
902,6.873650648337157,6.873650648337157,6.186117892587811,25.183071644137538,25.183071644137538,24.392402706715302,491.15,491.15,490.84389140271765,431.85,431.85,431.87180995475353
