2752,4896,927,1559,0,200,0,927,776,2297,573,898,410,843,783,233.7818350122785,-0.038567095031887905
2752,4896,919,1569,0,200,0,919,779,2308,561,875,416,851,790,235.2188127037649,-0.039851464096610466
2752,4896,922,1556,0,200,0,922,765,2303,567,921,418,855,791,237.25243141191814,-0.0388936679084462
2752,4896,914,1559,0,200,0,914,777,2302,551,881,405,844,782,233.94166298976774,-0.03756564791337317
2752,4896,910,1561,0,200,0,910,772,2301,552,874,402,848,789,230.73021761875714,-0.03748403726091353
2752,4896,906,1556,0,200,0,906,759,2297,554,882,402,860,797,234.9715684016551,-0.03722749287802896
2752,4896,977,1555,0,200,0,977,760,2295,554,913,394,858,795,235.87499313783846,-0.03732060463442668
2752,4896,902,1556,0,200,0,902,765,2295,555,870,382,854,791,234.91097689039432,-0.037276450006093594
2752,4896,934,1544,0,200,0,934,764,2303,557,878,376,853,780,245.17754395802177,-0.037016298682482365
2752,4896,977,1557,0,200,0,977,765,2300,561,976,369,983,792,232.46537616831174,-0.03721494095588566
2752,4896,977,1553,0,200,0,977,766,2303,562,869,362,851,787,235.68475215888105,-0.03692464591334481
2752,4896,977,1543,0,200,0,977,762,2295,567,893,360,854,781,245.62845055166983,-0.03712116049699358
2752,4896,977,1556,0,200,0,977,766,2305,569,875,350,850,790,232.75281839670987,-0.03678435444590183
2752,4896,977,1555,0,200,0,977,765,2306,565,879,347,851,790,233.48844764237973,-0.036669965791959434
2752,4896,977,1556,0,200,0,977,769,2296,567,976,340,974,787,232.20715898512782,-0.03685349423106598
2752,4896,917,1550,0,200,0,917,773,2301,571,916,331,841,777,237.89890318413373,-0.037240004272748435
2752,4896,977,1555,0,200,0,977,760,2305,573,926,338,854,795,232.49473120137864,-0.03678804533629226
2752,4896,977,1555,0,200,0,977,769,2305,571,883,328,845,786,232.4017488886078,-0.03683812854777794
2752,4896,977,1553,0,200,0,977,759,2303,577,882,334,855,794,234.38722037645513,-0.03687652538710201
2752,4896,977,1553,0,200,0,977,768,2304,574,876,325,847,785,235.3288086500571,-0.036951981660761676
2752,4896,977,1554,0,200,0,977,767,2303,573,883,322,848,787,233.85291518198778,-0.036702946430561614
2752,4896,977,1556,0,200,0,977,759,2295,576,976,326,982,797,231.0883737657108,-0.03647122219999648
2752,4896,977,1552,0,200,0,977,761,2304,575,880,324,854,791,235.82729157734903,-0.03663063392706973
2752,4896,977,1552,0,200,0,977,768,2302,575,976,316,971,784,235.84411775223674,-0.03679925985344702
2752,4896,977,1554,0,200,0,977,761,2307,576,879,321,854,793,234.08713882948868,-0.036977629730454986
2752,4896,977,1555,0,200,0,977,761,2307,576,872,319,854,794,233.20593234641328,-0.03659152785782749
2752,4896,977,1555,0,200,0,977,771,2297,578,894,309,844,784,233.60118986490153,-0.03669128032211197
2752,4896,977,1554,0,200,0,977,758,2295,576,921,320,856,796,233.7876792462823,-0.036815696618652256
2752,4896,977,1554,0,200,0,977,760,2294,579,878,318,855,794,234.45775361024533,-0.036605182704863924
2752,4896,977,1556,0,200,0,977,760,2310,577,887,317,855,796,232.05608350984485,-0.03674936769981688
2752,4896,977,1553,0,200,0,977,760,2307,579,903,311,854,793,234.65454856164766,-0.03683983359439744
2752,4896,977,1557,0,200,0,977,763,2303,579,897,313,853,794,232.12872380975566,-0.03670777787845311
2752,4896,977,1557,0,200,0,977,772,2308,580,887,300,843,785,231.7754815125954,-0.03612457087971434
2752,4896,977,1555,0,200,0,977,771,2308,579,922,299,844,784,232.95416302426435,-0.03651046722040639
2752,4896,977,1552,0,200,0,977,769,2308,580,976,302,970,783,235.73905380237423,-0.036492884108068106
2752,4896,977,1555,0,200,0,977,771,2299,579,882,300,843,784,232.87587233301792,-0.036670402909174275
2752,4896,931,1542,0,200,0,931,770,2310,581,887,301,846,772,246.72495552259986,-0.036414663285135644
2752,4896,977,1557,0,200,0,977,768,2308,582,976,301,972,789,231.30893266879937,-0.03652717609831491
2752,4896,977,1556,0,200,0,977,761,2297,581,976,307,982,795,232.25418451055367,-0.03629731323443293
2752,4896,977,1556,0,200,0,977,763,2310,582,976,306,977,793,233.06177869845783,-0.03674211618575573
2752,4896,977,1555,0,200,0,977,757,2313,583,976,311,984,798,234.28247033561405,-0.036559748567862156
2752,4896,977,1554,0,200,0,977,768,2305,583,881,298,847,786,234.54567044565576,-0.03657528504529373
2752,4896,977,1555,0,200,0,977,764,2312,585,875,301,852,791,234.4289700765762,-0.03654736743986236
2752,4896,977,1556,0,200,0,977,765,2303,584,883,299,850,791,232.6700774440473,-0.036764681276417036
2752,4896,977,1556,0,200,0,977,757,2304,584,976,306,988,799,232.50562523055999,-0.03668580333025423
2752,4896,977,1549,0,200,0,977,771,2311,587,915,291,845,778,240.10703024494126,-0.036280332243821115
2752,4896,977,1554,0,200,0,977,763,2306,587,976,298,980,791,235.25822661352913,-0.03648439940239419
2752,4896,977,1543,0,200,0,977,772,2313,586,976,290,968,771,246.28855575410776,-0.03663448692715573
2752,4896,977,1553,0,200,0,977,760,2306,589,917,297,855,793,235.64283027703473,-0.03646178799467699
2752,4896,977,1554,0,200,0,977,767,2312,587,976,291,974,787,234.79944137577831,-0.036568311433567896
2752,4896,977,1552,0,200,0,977,763,2306,588,913,293,852,789,236.4781307623121,-0.03659204602989016
2752,4896,977,1558,0,200,0,977,767,2304,590,895,288,848,791,231.26854134564374,-0.03662837886541165
2752,4896,977,1557,0,200,0,977,773,2312,591,882,284,843,784,232.41952953161018,-0.03677925378012312
2752,4896,977,1555,0,200,0,977,774,2300,589,874,283,842,781,234.73401311621814,-0.03690806730215597
2752,4896,977,1555,0,200,0,977,770,2307,590,928,287,846,785,235.51326759495666,-0.0368893725804766
2752,4896,977,1557,0,200,0,977,764,2314,592,976,293,978,793,233.71137640105448,-0.036851036532288314
2752,4896,977,1556,0,200,0,977,769,2315,593,890,284,847,787,233.60894417472775,-0.036529532478532786
2752,4896,977,1556,0,200,0,977,759,2307,594,899,293,856,797,232.59779725249157,-0.036674108273644625
2752,4896,977,1559,0,200,0,977,762,2308,594,891,292,855,797,231.5884654358489,-0.03586693225638462
2752,4896,977,1557,0,200,0,977,763,2316,592,897,290,852,794,232.48907951316522,-0.0368796836313498
2752,4896,977,1556,0,200,0,977,770,2313,595,952,282,964,786,233.48195584479234,-0.03699298962411102
2752,4896,977,1555,0,200,0,977,762,2316,595,883,286,852,793,233.55398258073407,-0.03700314174379659
2752,4896,977,1558,0,200,0,977,772,2313,595,888,281,844,786,232.41529638139323,-0.03668002238271729
2752,4896,977,1557,0,200,0,977,767,2312,599,895,282,848,790,231.87500532211925,-0.03654473894694126
2752,4896,977,1558,0,200,0,977,765,2312,599,879,283,851,793,231.13734006358752,-0.034302816858597804
2752,4896,977,1557,0,200,0,977,759,2312,599,876,289,857,798,232.47160995673892,-0.036683583006388014
2752,4896,977,1556,0,200,0,977,768,2303,598,907,279,847,788,233.21988864318303,-0.03666770494066927
2752,4896,977,1557,0,200,0,977,773,2309,599,920,275,843,784,233.88926466270107,-0.03703451865433899
2752,4896,977,1554,0,200,0,977,771,2316,598,880,275,845,783,235.52981999165672,-0.034782974197636575
2752,4896,977,1553,0,200,0,977,765,2308,599,880,279,850,788,236.06132278906227,-0.03694444355991732
2752,4896,977,1558,0,200,0,977,763,2310,601,879,283,853,795,231.3840755130123,-0.03504879357096109
2752,4896,977,1555,0,200,0,977,768,2313,603,928,274,847,787,233.877290406879,-0.03682624243331287
2752,4896,977,1547,0,200,0,977,768,2317,603,976,273,978,779,242.19717268243167,-0.036893101103474914
2752,4896,977,1555,0,200,0,977,759,2320,606,970,283,987,796,233.7254786168145,-0.03480355633934308
2752,4896,977,1553,0,200,0,977,776,2324,607,976,264,969,777,235.54522017536178,-0.03654710401160701
2752,4896,977,1545,0,200,0,977,769,2313,608,899,271,845,776,243.7648448151864,-0.03694115504894988
2752,4896,977,1542,0,200,0,977,761,2315,606,976,278,980,781,246.40638844879675,-0.03606404317212785
2752,4896,977,1556,0,200,0,977,759,2320,609,944,279,856,797,233.12520171126087,-0.03712711802830612
2752,4896,977,1555,0,200,0,977,770,2321,609,881,270,845,785,234.70843884406884,-0.03518800527203887
2752,4896,977,1556,0,200,0,977,775,2322,611,912,264,840,781,233.11982832679715,-0.03692766520642498
2752,4896,977,1558,0,200,0,977,762,2314,609,881,278,854,796,231.64053431645144,-0.03489276009415101
2752,4896,977,1556,0,200,0,977,768,2316,613,901,268,846,788,232.96206851489092,-0.036900824472542816
2752,4896,977,1557,0,200,0,977,757,2318,616,885,278,858,800,231.82663889380206,-0.03486397693873791
2752,4896,905,1552,0,200,0,905,762,2322,614,891,273,852,790,237.10278789982348,-0.037167338601705464
2752,4896,977,1545,0,200,0,977,766,2322,616,923,269,849,779,244.32977892193756,-0.037226760489582865
2752,4896,977,1558,0,200,0,977,772,2315,614,976,263,976,786,231.5426940267307,-0.03453035808005383
2752,4896,906,1557,0,200,0,906,759,2321,618,894,274,855,798,231.93657521171005,-0.0346064454235999
2752,4896,977,1540,0,200,0,977,769,2322,617,976,263,970,771,249.04592587939445,-0.03626401995570352
2752,4896,977,1557,0,200,0,977,756,2317,619,883,275,858,801,231.85245598697637,-0.036735194680717724
2752,4896,925,1538,0,200,0,925,770,2327,619,915,262,844,768,250.85088708837725,-0.03558027599754634
2752,4896,977,1551,0,200,0,977,759,2329,618,976,272,991,792,237.84890455724133,-0.03635003941291979
2752,4896,977,1556,0,200,0,977,765,2323,618,887,267,849,791,233.17648965349332,-0.03688947389903635
2752,4896,977,1556,0,200,0,977,767,2326,623,891,265,847,789,233.08503295506762,-0.037034148117891984
2752,4896,923,1540,0,200,0,923,769,2328,619,899,261,845,771,248.73808891678206,-0.03671943530245472
2752,4896,977,1557,0,200,0,977,773,2329,624,889,258,841,784,232.5651549503333,-0.03685391108456887
2752,4896,909,1556,0,200,0,909,759,2324,623,908,272,854,797,232.72555329631246,-0.0367555278682488
2752,4896,909,1555,0,200,0,909,771,2329,623,879,260,845,784,235.57454202997772,-0.03475066515634466
2752,4896,911,1556,0,200,0,911,765,2330,625,910,264,848,791,232.66372416437028,-0.03696324249497243
2752,4896,910,1555,0,200,0,910,763,2330,623,893,266,851,792,233.86077754371553,-0.03455945966522613
2752,4896,923,1544,0,200,0,923,773,2330,624,899,256,841,771,245.33484287662495,-0.03617206612570277
2752,4896,910,1557,0,200,0,910,770,2331,624,908,260,844,787,232.63538499557046,-0.037001069055546024
2752,4896,910,1557,0,200,0,910,765,2330,620,885,265,850,792,232.4986143229898,-0.03582470847031843
2752,4896,911,1555,0,200,0,911,761,2324,622,887,266,852,794,233.79920622022604,-0.03630190730741295
2752,4896,910,1555,0,200,0,910,767,2331,624,909,261,846,788,233.54540679353457,-0.03650984483496798
2752,4896,911,1557,0,200,0,911,770,2335,625,882,259,844,787,232.60502840152208,-0.03690623488363273
2752,4896,912,1556,0,200,0,912,760,2331,623,881,267,853,796,232.33207862841292,-0.035002132031978446
2752,4896,912,1555,0,200,0,912,768,2332,624,911,260,845,787,233.38771363380147,-0.03474812929753524
2752,4896,977,1554,0,200,0,977,760,2325,624,916,266,853,794,234.59300667940187,-0.036589672280776316
2752,4896,910,1554,0,200,0,910,766,2334,625,891,259,847,788,234.6414493041004,-0.037007845819784384
2752,4896,911,1557,0,200,0,911,773,2332,623,895,252,840,784,231.43957030798816,-0.03473558895465591
2752,4896,912,1555,0,200,0,912,755,2337,624,898,270,858,800,233.567319221877,-0.03444171012991643
2752,4896,912,1554,0,200,0,912,760,2331,624,880,267,853,794,234.44314094386212,-0.03461991210759682
2752,4896,925,1537,0,200,0,925,777,2330,622,886,251,837,760,252.6121924574024,-0.03739269134227119
2752,4896,913,1556,0,200,0,913,768,2331,622,899,257,846,788,232.75711992344552,-0.03693754810822326
2752,4896,911,1556,0,200,0,911,766,2335,621,894,262,849,790,233.33892520113892,-0.03554443238592762
2752,4896,912,1542,0,200,0,912,774,2335,622,890,251,840,768,246.54811200679939,-0.03526304758701166
2752,4896,911,1553,0,200,0,911,767,2336,622,891,258,847,786,235.69305389771034,-0.03489225639616829
2752,4896,910,1561,0,200,0,910,766,2338,622,894,259,849,795,228.75450377884445,-0.03499847008974799
2752,4896,911,1554,0,200,0,911,759,2328,621,910,266,854,795,234.96011306765263,-0.03716742255136919
2752,4896,912,1555,0,200,0,912,761,2337,620,911,264,853,794,233.39597576286332,-0.03506441689287242
2752,4896,912,1553,0,200,0,912,766,2337,619,902,260,848,787,235.59282566462787,-0.035880106563966306
2752,4896,913,1557,0,200,0,913,766,2329,619,910,259,848,791,231.47755243114864,-0.034940266919403405
2752,4896,912,1554,0,200,0,912,757,2338,620,894,267,856,797,233.60026233980426,-0.034982392281725824
2752,4896,913,1545,0,200,0,913,766,2338,622,912,259,848,779,243.3775412224208,-0.03462540357353451
2752,4896,914,1540,0,200,0,914,767,2339,619,908,259,847,773,248.58225861359736,-0.03498758847643232
2752,4896,913,1553,0,200,0,913,761,2335,618,909,266,853,792,236.3448970859141,-0.035813473689451675
2752,4896,914,1556,0,200,0,914,771,2339,619,879,253,843,785,232.41675946288808,-0.03407488773179876
2752,4896,913,1557,0,200,0,913,770,2340,621,902,255,844,787,231.95030238765384,-0.03669560807202073
2752,4896,913,1557,0,200,0,913,758,2340,617,895,268,857,799,232.06403091258218,-0.03587662699514338
2752,4896,913,1555,0,200,0,913,773,2332,618,902,252,841,782,233.55591126539812,-0.03600420443074745
2752,4896,909,1555,0,200,0,909,770,2340,617,891,255,844,785,233.51387780479908,-0.03481827647866474
2752,4896,913,1555,0,200,0,913,763,2334,619,910,262,851,792,233.47686200113017,-0.034582893200685146
2752,4896,913,1541,0,200,0,913,763,2339,617,899,265,852,778,248.7355720286667,-0.03520589812968835
2752,4896,912,1557,0,200,0,912,762,2340,616,884,265,853,795,233.09286234966598,-0.0362591885078121
2752,4896,912,1554,0,200,0,912,757,2338,615,911,268,857,797,235.0159572456903,-0.035322084464362045
2752,4896,912,1555,0,200,0,912,763,2335,616,890,260,851,792,233.8407059819345,-0.03543692470959931
2752,4896,921,1555,0,200,0,921,766,2337,615,880,259,849,789,234.58565188795538,-0.03414829447573579
2752,4896,912,1555,0,200,0,912,760,2335,614,886,263,854,795,233.6978368246261,-0.03670648389570443
2752,4896,913,1541,0,200,0,913,770,2340,613,891,252,844,771,247.43763453584964,-0.035146516769234866
2752,4896,912,1542,0,200,0,912,768,2342,615,890,255,846,774,246.39251905633253,-0.03514274771881263
2752,4896,910,1554,0,200,0,910,761,2351,615,903,262,852,793,234.61685773513622,-0.03568814263105772
2752,4896,915,1547,0,200,0,915,768,2337,614,896,256,846,779,241.58000495785464,-0.034305532195998745
2752,4896,911,1557,0,200,0,911,768,2334,613,910,254,847,789,231.38609006274325,-0.034614533539482864
2752,4896,911,1556,0,200,0,911,764,2342,612,910,256,849,792,231.28302096821398,-0.03446796611096819
2752,4896,910,1555,0,200,0,910,763,2343,610,879,258,851,792,233.61896057193042,-0.03609077679781822
2752,4896,924,1555,0,200,0,924,769,2337,609,895,254,845,786,233.34975314070627,-0.03494687867913017
2752,4896,994,1555,0,200,0,994,767,2331,609,891,255,847,788,233.36709963657498,-0.034671025873575824
2752,4896,977,1557,0,200,0,977,766,2342,611,976,255,976,791,232.0561280417641,-0.03407225923887764
2752,4896,908,1545,0,200,0,908,755,2345,609,907,266,860,790,243.61904805905937,-0.03435780099355874
2752,4896,912,1544,0,200,0,912,757,2344,609,911,266,857,787,244.56578486518802,-0.0347238041587506
2752,4896,907,1557,0,200,0,907,773,2335,605,886,251,843,784,232.5900497734661,-0.03689161895768678
2752,4896,977,1556,0,200,0,977,764,2343,609,881,256,850,792,232.6357299688623,-0.03595760368290073
2752,4896,977,1556,0,200,0,977,761,2344,608,899,260,853,795,232.7668975803487,-0.036919244186702886
2752,4896,977,1545,0,200,0,977,762,2340,606,921,256,853,783,244.36080611651442,-0.035206529199574704
2752,4896,906,1545,0,200,0,906,766,2345,607,897,253,848,779,243.8052579893783,-0.03608283921236688
2752,4896,977,1555,0,200,0,977,758,2344,607,916,263,858,797,234.70890354598532,-0.036924451960673316
2752,4896,992,1554,0,200,0,992,765,2337,607,897,255,850,789,234.72944014741137,-0.03427323183915473
2752,4896,977,1554,0,200,0,977,771,2344,606,923,248,844,783,234.7984511480016,-0.03536348322787034
2752,4896,977,1553,0,200,0,977,759,2342,604,901,260,856,794,235.57153410869986,-0.03497102723413938
2752,4896,992,1555,0,200,0,992,763,2345,604,991,255,969,792,233.7864995412198,-0.03515945080708917
2752,4896,903,1556,0,200,0,903,764,2345,603,902,255,851,792,232.97787883323065,-0.036457277871360744
2752,4896,902,1544,0,200,0,902,768,2340,600,884,251,848,776,246.21222212637176,-0.03703992617061297
2752,4896,977,1555,0,200,0,977,760,2347,598,926,257,855,795,234.05359650780971,-0.03598785161520601
2752,4896,977,1555,0,200,0,977,765,2345,601,976,253,963,790,234.6436349963179,-0.03524598554155204
2752,4896,992,1555,0,200,0,992,765,2341,600,921,250,849,790,232.97198054529238,-0.03415257590858863
2752,4896,977,1555,0,200,0,977,759,2335,599,899,256,856,796,233.49566035046746,-0.03565485224714434
2752,4896,977,1547,0,200,0,977,767,2340,598,902,246,848,780,241.75009437582574,-0.036695828078036126
2752,4896,992,1556,0,200,0,992,765,2346,598,983,246,960,791,232.06390551204808,-0.0367001471434969
2752,4896,992,1545,0,200,0,992,764,2341,598,901,247,851,781,243.78306967735236,-0.03572929823002265
2752,4896,994,1554,0,200,0,994,755,2346,594,886,257,860,799,234.597145384317,-0.03429836752641734
2752,4896,993,1555,0,200,0,993,766,2341,594,901,242,848,789,232.79632804460098,-0.034624891191103895
2752,4896,992,1541,0,200,0,992,765,2340,595,984,243,957,776,247.02081922713634,-0.03663461429905942
2752,4896,993,1555,0,200,0,993,755,2341,595,899,252,859,800,233.23674714641098,-0.036849956765923175
2752,4896,994,1545,0,200,0,994,761,2341,594,970,247,960,784,243.3657793138955,-0.0348887189310255
2752,4896,994,1555,0,200,0,994,763,2347,592,922,245,852,792,233.6175350381288,-0.03571565785706615
2752,4896,923,1555,0,200,0,923,777,2344,591,922,227,838,778,233.93456615440937,-0.03618672836870457
2752,4896,995,1556,0,200,0,995,768,2348,589,994,235,947,788,231.86497470365057,-0.03710904279724913
2752,4896,990,1555,0,200,0,990,766,2347,587,886,236,849,789,233.3897989048522,-0.03524069960754979
2752,4896,993,1555,0,200,0,993,763,2349,588,884,239,852,792,233.81582941061623,-0.035882758215415415
2752,4896,979,1556,0,200,0,979,760,2348,585,919,240,855,796,232.77553786983808,-0.03511168344839744
2752,4896,995,1555,0,200,0,995,768,2345,584,914,228,847,787,233.51849350398442,-0.034764288160405186
2752,4896,993,1541,0,200,0,993,765,2342,583,983,229,946,776,247.5836464163674,-0.03594597810187495
2752,4896,922,1554,0,200,0,922,768,2347,581,887,224,848,786,234.83029385663076,-0.033928010557972864
2752,4896,992,1555,0,200,0,992,759,2348,579,944,231,937,796,233.29759682122153,-0.036984502023621135
2752,4896,995,1557,0,200,0,995,772,2342,575,889,220,844,785,231.97709061246894,-0.03629891117286078
2752,4896,993,1542,0,200,0,993,760,2351,576,874,228,856,782,247.13211531152146,-0.03592564201952788
2752,4896,995,1555,0,200,0,995,755,2350,574,881,230,860,800,233.01937881591022,-0.03678469603418893
2752,4896,993,1553,0,200,0,993,755,2348,572,932,228,860,798,234.71951324248028,-0.03555356842519983
2752,4896,992,1555,0,200,0,992,773,2350,570,885,209,843,782,233.69276097031496,-0.03588096632431605
2752,4896,991,1543,0,200,0,991,765,2346,566,881,215,851,778,245.7909822564184,-0.03525898037054226
2752,4896,990,1555,0,200,0,990,769,2350,564,894,209,847,786,233.6468154100316,-0.03522354782279442
2752,4896,992,1555,0,200,0,992,759,2345,560,972,217,936,796,233.99130122461318,-0.035089286257063715
2752,4896,921,1556,0,200,0,921,769,2362,557,879,206,848,787,233.30335376108485,-0.036640922103106974
2752,4896,994,1554,0,200,0,994,771,2366,555,894,201,846,783,235.14426240329723,-0.03707070964387682
2752,4896,991,1554,0,200,0,991,770,2350,553,874,201,846,784,234.27262597829073,-0.03545304015022934
2752,4896,990,1555,0,200,0,990,772,2350,550,880,197,844,783,232.87855744275026,-0.0349658310394329
2752,4896,992,1556,0,200,0,992,766,2350,546,971,201,936,790,232.80793860346148,-0.03556457162078721
2752,4896,992,1555,0,200,0,992,761,2351,544,877,204,856,794,232.9981024519766,-0.0360204096106733
2752,4896,992,1543,0,200,0,992,757,2344,539,874,203,859,786,245.12529793783915,-0.03583409925339802
2752,4896,992,1543,0,200,0,992,757,2345,533,888,204,859,786,244.83662319328502,-0.0340583264895059
2752,4896,990,1557,0,200,0,990,770,2347,529,936,191,847,787,231.7293512061204,-0.0356445032799713
2752,4896,990,1555,0,200,0,990,765,2347,526,872,192,853,790,233.679254345577,-0.03519389911739954
2752,4896,991,1541,0,200,0,991,777,2347,522,974,180,925,764,247.94759888329577,-0.03467490203218977
2752,4896,992,1555,0,200,0,992,761,2348,516,958,194,925,794,234.14883867991364,-0.03714411349299787
2752,4896,994,1544,0,200,0,994,760,2348,509,876,195,858,784,244.894824214711,-0.0360853663867283
2752,4896,992,1556,0,200,0,992,757,2347,503,876,197,862,799,232.72997300680578,-0.03550328257659467
2752,4896,991,1556,0,200,0,991,769,2370,497,888,183,850,787,232.5395401391808,-0.036095217445550686
2752,4896,992,1543,0,200,0,992,760,2348,490,878,192,859,783,245.8112590297753,-0.036111092616453365
2752,4896,988,1555,0,200,0,988,759,2345,483,886,194,861,796,234.26560418428272,-0.03629877511650912
2752,4896,991,1553,0,200,0,991,766,2346,474,881,187,855,787,236.28824189043812,-0.035615534856334646
2752,4896,992,1555,0,200,0,992,773,2349,465,901,180,847,782,233.4900609609648,-0.0361363672548836
2752,4896,995,1556,0,200,0,995,771,2354,454,883,186,850,785,233.35845761309088,-0.036235419173697936
2752,4896,995,1542,0,200,0,995,768,2345,444,895,186,852,774,246.09682388412327,-0.036992949096687155
2752,4896,993,1553,0,200,0,993,773,2346,436,892,187,849,780,235.91014361568082,-0.03647474229624326
2752,4896,990,1543,0,200,0,990,763,2370,421,876,200,859,780,245.84483635556947,-0.03638266109433888
2752,4896,994,1545,0,200,0,994,770,2370,414,896,198,853,775,244.3977110217126,-0.03692560409743834
2752,4896,992,1555,0,200,0,992,757,2368,403,895,213,866,798,233.3809211053602,-0.03627818718517067
2752,4896,992,1553,0,200,0,992,769,2370,394,882,210,855,784,236.18695291186143,-0.03585809727797555
2752,4896,991,1555,0,200,0,991,768,2370,383,870,213,856,787,233.9452756072286,-0.03541099294793877
2752,4896,990,1557,0,200,0,990,762,2358,373,928,229,863,795,232.10668749197293,-0.035665215688397395
2752,4896,990,1556,0,200,0,990,768,2369,360,880,228,858,788,233.24266714932875,-0.034426781563843274
2752,4896,993,1555,0,200,0,993,768,2366,349,877,236,858,787,234.30468717508703,-0.03623677105276643
2752,4896,992,1553,0,200,0,992,769,2362,339,885,247,858,784,236.207101899356,-0.035152674042850766
2752,4896,990,1556,0,200,0,990,767,2358,329,877,257,860,789,233.35226189824834,-0.03484164632817195
2752,4896,991,1556,0,200,0,991,770,2367,320,876,268,857,786,233.00269966004228,-0.03593313380331637
2752,4896,992,1556,0,200,0,992,761,2356,308,897,287,866,795,233.25511869083266,-0.03701668079819342
2752,4896,991,1554,0,200,0,991,770,2359,301,869,290,858,784,234.5726961495955,-0.03624774530019387
2752,4896,990,1555,0,200,0,990,773,2359,290,873,303,856,782,233.81137896682657,-0.03656336419303677
2752,4896,991,1555,0,200,0,991,760,2372,282,867,333,869,795,233.8772944673407,-0.03723199142208125
2752,4896,992,1553,0,200,0,992,770,2369,273,882,343,861,783,237.15504905217443,-0.03654807088014852
2752,4896,992,1557,0,200,0,992,771,2369,267,974,361,908,786,232.27384801521305,-0.03743308849944615
2752,4896,992,1553,0,200,0,992,768,2370,260,868,383,862,785,236.36352402547695,-0.037145728800321694
2752,4896,990,1556,0,200,0,990,769,2358,255,975,403,905,787,232.35554772186205,-0.036982990929673075
2752,4896,994,1555,0,200,0,994,768,2361,250,864,426,862,787,233.66198080679087,-0.037441399516160434
2752,4896,992,1541,0,200,0,992,765,2360,248,869,452,866,776,248.0702124071235,-0.037123733988410915
2752,4896,990,1554,0,200,0,990,768,2358,245,867,475,862,786,235.1554497390948,-0.03723494123957757
2752,4896,991,1557,0,200,0,991,772,2359,243,877,496,859,785,232.18474857220446,-0.03697945925416228
2752,4896,992,1557,0,200,0,992,766,2361,244,888,525,865,791,232.3500900114087,-0.03733161361964611
2752,4896,991,1543,0,200,0,991,763,2353,244,981,557,910,780,246.50673103676021,-0.03734540452303422
2752,4896,990,1555,0,200,0,990,766,2359,247,989,576,905,789,233.46197900911005,-0.03751729869666696
2752,4896,989,1556,0,200,0,989,766,2369,248,870,607,865,790,233.32648464546162,-0.037327306133449284
2752,4896,993,1540,0,200,0,993,768,2359,256,878,621,863,772,248.97120229717154,-0.037132881606947124
2752,4896,992,1555,0,200,0,992,756,2361,260,891,645,874,799,233.61052655834447,-0.03702290754739319
2752,4896,977,1553,0,200,0,977,770,2361,269,871,639,860,783,235.72492393629724,-0.03648021928810105
2752,4896,977,1557,0,200,0,977,769,2361,277,860,650,861,788,232.13769008929825,-0.03618202718753286
2752,4896,977,1555,0,200,0,977,773,2361,282,865,658,856,782,234.22201630012975,-0.03635773962345971
2752,4896,977,1555,0,200,0,977,765,2361,292,857,674,864,790,234.3287415260291,-0.03650539550278757
2752,4896,996,1556,0,200,0,996,770,2360,309,995,678,938,786,233.35516773962993,-0.03657632428423502
2752,4896,977,1557,0,200,0,977,769,2361,315,858,684,861,788,231.54465248940173,-0.036536118184915624
2752,4896,977,1556,0,200,0,977,771,2351,330,878,689,888,785,233.21175024338143,-0.03641434775019242
2752,4896,977,1545,0,200,0,977,771,2369,344,976,692,914,774,244.48222010771966,-0.036511659884595225
2752,4896,977,1555,0,200,0,977,765,2361,351,858,703,948,790,233.6422379889982,-0.03564303271344709
2752,4896,977,1555,0,200,0,977,770,2375,363,862,700,966,785,233.2481939156177,-0.03543462622570128
2752,4896,977,1558,0,200,0,977,769,2361,372,976,702,989,789,230.02976039897487,-0.03558830042747747
2752,4896,977,1534,0,200,0,977,762,2362,376,849,714,1016,772,254.10515764444207,-0.03565589148608565
2752,4896,977,1557,0,200,0,977,771,2364,385,846,708,1027,786,231.5145495526399,-0.03609956256435539
2752,4896,977,1534,0,200,0,977,761,2367,387,861,718,1049,773,254.16793395535225,-0.03623127958682876
2752,4896,977,1553,0,200,0,977,762,2365,393,854,717,1055,791,236.00802046017333,-0.03631806038065094
2752,4896,977,1557,0,200,0,977,769,2363,391,976,711,1055,788,231.70224206972372,-0.03621464018450399
2752,4896,977,1556,0,200,0,977,769,2368,393,976,709,1060,787,232.838519183897,-0.03621487755941532
2752,4896,977,1555,0,200,0,977,768,2363,391,976,706,1068,787,233.4319530889278,-0.03620094191522763
2752,4896,977,1554,0,200,0,977,767,2363,393,976,706,1072,787,233.6836141613628,-0.03642055713049631
2752,4896,977,1556,0,200,0,977,759,2364,396,976,718,1086,797,231.75682445343693,-0.03638667620412041
2752,4896,996,1555,0,200,0,996,763,2364,395,995,709,1086,792,232.54508486490806,-0.03653804034273464
2752,4896,977,1555,0,200,0,977,774,2364,397,976,701,1079,781,233.3965048638216,-0.03656808274310449
2752,4896,995,1552,0,200,0,995,761,2377,397,994,713,1095,791,236.6466675418664,-0.03663129394511609
2752,4896,977,1554,0,200,0,977,768,2365,397,976,707,1092,786,234.42173934246944,-0.03691027025712624
2752,4896,977,1552,0,200,0,977,764,2369,396,976,711,1099,788,236.01605321656024,-0.03675401677430077
2752,4896,993,1557,0,200,0,993,771,2371,395,992,703,1095,786,231.55089522377514,-0.037014446000247184
2752,4896,993,1551,0,200,0,993,759,2303,397,992,713,1109,792,237.6874460408712,-0.03699298962411105
2752,4896,977,1533,0,200,0,977,768,2370,395,976,707,1101,765,255.44653924072637,-0.03690663436823968
2752,4896,996,1556,0,200,0,996,771,2364,395,995,703,1097,785,232.3588501597885,-0.03684918963968508
2752,4896,994,1555,0,200,0,994,769,2365,393,993,705,1104,786,232.9563074846523,-0.03704199596404748
2752,4896,996,1558,0,200,0,996,774,2365,394,995,700,1101,784,230.13127834398756,-0.03688699593654681
2752,4896,990,1556,0,200,0,990,770,2366,396,989,703,1109,786,232.41073168404043,-0.03709717984131198
2752,4896,996,1554,0,200,0,996,763,2365,396,995,710,1122,791,233.9323438775074,-0.03749454254815022
2752,4896,994,1539,0,200,0,994,771,2366,398,993,704,1117,768,249.4218632087503,-0.037142338970794414
2752,4896,991,1543,0,200,0,991,760,2365,406,990,717,1137,783,244.9813226327428,-0.037513703335204374
2752,4896,994,1542,0,200,0,994,772,2353,408,993,705,1126,770,245.60961451858313,-0.03741163212330996
2752,4896,989,1556,0,200,0,989,768,2356,410,988,711,1137,788,231.95039666312604,-0.03758404736382132
2752,4896,996,1553,0,200,0,996,765,2365,407,995,711,1139,788,234.66184215957912,-0.03757195282260483
2752,4896,994,1553,0,200,0,994,765,2364,405,993,716,1141,788,235.35935633090946,-0.037562892048548395
2752,4896,991,1555,0,200,0,991,768,2365,414,990,715,1147,787,233.33543286135267,-0.037353926861316035
2752,4896,994,1541,0,200,0,994,764,2365,411,993,719,1154,777,247.43522633649522,-0.03787233919369531
2752,4896,990,1557,0,200,0,990,771,2366,418,989,712,1151,786,230.55172103854778,-0.03759687429348396
2752,4896,993,1547,0,200,0,993,759,2368,421,992,728,1169,788,241.644012956038,-0.03797794787073255
2752,4896,991,1555,0,200,0,991,760,2353,419,990,723,1167,795,232.7812552684441,-0.037789585088918616
2752,4896,995,1556,0,200,0,995,771,2366,418,994,713,1157,785,232.42747979635516,-0.03793148896886943
2752,4896,994,1558,0,200,0,994,770,2367,413,993,715,1157,788,230.56312858396285,-0.037879906242699636
2752,4896,988,1555,0,200,0,988,755,2303,413,987,729,1172,800,232.43489053687497,-0.03803592235061371
2752,4896,993,1555,0,200,0,993,772,2374,411,992,713,1156,783,233.84850833219707,-0.03812200259896582
2752,4896,994,1555,0,200,0,994,772,2368,410,993,713,1153,783,233.83420807821548,-0.03833027881999195
2752,4896,991,1558,0,200,0,991,770,2369,407,990,716,1150,788,230.35456655582416,-0.03823981292541134
2752,4896,977,1558,0,200,0,977,768,2368,407,976,716,1152,790,230.62298942243885,-0.0383946508432165
2752,4896,992,1541,0,200,0,992,769,2368,404,991,715,1147,772,247.1849190594974,-0.0381322386683152
2752,4896,995,1542,0,200,0,995,767,2367,401,994,718,1146,775,245.65455175945488,-0.0382519769422117
2752,4896,994,1555,0,200,0,994,760,2369,402,993,725,1149,795,232.4647199366841,-0.03873218349312233
2752,4896,985,1541,0,200,0,985,762,2370,402,984,727,1145,779,247.08481782392258,-0.038370597817135074
2752,4896,978,1552,0,200,0,978,760,2364,400,977,724,1140,792,236.21878128150254,-0.03834651873770975
2752,4896,985,1556,0,200,0,985,769,2369,398,984,719,1122,787,232.259692022456,-0.038475514633150076
2752,4896,980,1557,0,200,0,980,769,2373,396,979,713,1115,788,230.5444234351566,-0.038589865654484634
2752,4896,994,1545,0,200,0,994,769,2369,392,993,721,1106,776,243.39041420764076,-0.03877693734836591
2752,4896,978,1555,0,200,0,978,769,2371,389,977,719,1095,786,232.05977646230883,-0.03874736101337083
2752,4896,992,1555,0,200,0,992,761,2369,387,991,729,1094,794,233.0823273152999,-0.03859954302434741
2752,4896,974,1557,0,200,0,974,760,2369,382,973,731,1084,797,230.3836461886418,-0.039012016670666345
2752,4896,978,1555,0,200,0,978,766,2372,381,977,727,1069,789,233.5692975671094,-0.039242255860627316
2752,4896,985,1555,0,200,0,985,757,2376,381,984,734,1064,798,233.3338542931036,-0.03934983880217148
2752,4896,975,1555,0,200,0,975,768,2303,381,974,726,1040,787,233.69666762967543,-0.039506876780130915
2752,4896,973,1553,0,200,0,973,768,2370,375,972,725,1023,785,235.4720779288323,-0.03941612140395101
2752,4896,977,1556,0,200,0,977,769,2370,370,976,723,1005,787,231.8128999253428,-0.03950237534126269
2752,4896,974,1553,0,200,0,974,761,2358,363,973,731,994,792,235.8033829215311,-0.039744946447351534
2752,4896,975,1554,0,200,0,975,771,2369,356,974,720,964,783,234.0341618441442,-0.04001645123928516
2752,4896,966,1556,0,200,0,966,768,2370,351,965,725,947,788,232.019797529815,-0.04020450427578799
2752,4896,980,1556,0,200,0,980,771,2371,345,979,725,938,785,233.06245379077598,-0.04041195547425625
2752,4896,977,1539,0,200,0,977,769,2371,336,976,726,935,770,250.13602661899046,-0.04006131509753645
2752,4896,977,1553,0,200,0,977,769,2373,327,976,729,929,784,235.41890376502639,-0.04042598664737172
2752,4896,978,1556,0,200,0,978,763,2374,320,977,730,931,793,233.14698466413313,-0.040736435398852085
2752,4896,975,1555,0,200,0,975,768,2372,324,974,728,923,787,234.59951223508446,-0.04092147782672268
2752,4896,977,1554,0,200,0,977,773,2370,330,976,722,914,781,234.60831850946303,-0.041005557757223955
2752,4896,983,1557,0,200,0,983,769,2371,331,982,727,915,788,232.1204230522691,-0.04072203658410557
2752,4896,979,1545,0,200,0,979,767,2372,328,978,726,915,778,244.45301020914758,-0.04083078034686266
2752,4896,978,1553,0,200,0,978,772,2371,329,977,723,907,781,235.6527658615893,-0.04073397191044249
2752,4896,982,1528,0,200,0,982,767,2372,256,981,713,907,761,261.03366732465815,-0.04055372908748742
2752,4896,981,1556,0,200,0,981,757,2371,251,980,718,918,799,233.57132182605375,-0.04096697854449233
2752,4896,979,1555,0,200,0,979,769,2368,247,978,704,908,786,234.7292058931118,-0.040935401891646454
2752,4896,977,1556,0,200,0,977,765,2372,245,976,708,912,791,233.73249476786106,-0.041159538809495314
2752,4896,971,1553,0,200,0,971,765,2371,240,970,705,913,788,236.58224654221462,-0.04156147243078567
2752,4896,976,1545,0,200,0,976,768,2374,238,975,703,910,777,245.36470893734867,-0.04169981858188176
2752,4896,979,1545,0,200,0,979,773,2368,233,978,698,901,772,243.63054659336578,-0.041513760073597784
2752,4896,982,1557,0,200,0,982,769,2373,230,981,703,907,788,232.4729465839868,-0.041571445071879744
2752,4896,978,1555,0,200,0,978,770,2373,226,977,702,905,785,234.5687511165546,-0.041558467611785485
2752,4896,978,1543,0,200,0,978,768,2373,224,977,707,906,775,246.02371834675512,-0.04167099200422876
2752,4896,978,1555,0,200,0,978,770,2374,220,977,709,903,785,234.26259178279446,-0.04158531124048365
2752,4896,981,1553,0,200,0,981,755,2373,217,980,725,918,798,235.67373950207042,-0.04129783574871958
2752,4896,975,1554,0,200,0,975,763,2371,214,974,721,909,791,234.77029712005373,-0.0415354827728053
2752,4896,978,1554,0,200,0,978,767,2377,213,977,721,903,787,234.80936191790437,-0.04203194082069772
2752,4896,982,1555,0,200,0,982,773,2373,215,981,717,898,782,234.61363304328245,-0.042089518710787956
2752,4896,981,1555,0,200,0,981,767,2374,211,980,726,902,788,233.87055215141257,-0.04179628832483076
2752,4896,977,1529,0,200,0,977,772,2375,212,976,722,895,757,260.8525048534001,-0.041860935355574586
2752,4896,981,1555,0,200,0,981,759,2372,214,980,733,906,796,235.0775829232101,-0.04238894110815295
2752,4896,976,1554,0,200,0,976,771,2303,213,975,722,892,783,236.20913121940356,-0.04205602858457106
2752,4896,979,1557,0,200,0,979,772,2375,216,978,721,889,785,233.2337310665766,-0.04216928536546039
2752,4896,976,1557,0,200,0,976,760,2377,217,975,733,899,797,232.90784055990358,-0.042377770013237975
2752,4896,981,1552,0,200,0,981,765,2377,217,980,726,893,787,237.3440135948279,-0.04247814775777689
2752,4896,979,1529,0,200,0,979,773,2303,227,978,720,887,756,259.58382181905785,-0.04102876549703559
2752,4896,981,1542,0,200,0,981,772,2375,398,980,720,885,770,246.96627024766988,-0.04119286393120066
2752,4896,977,1545,0,200,0,977,765,2371,397,976,728,895,780,244.40311664574196,-0.042182372828562346
2752,4896,979,1555,0,200,0,979,767,2374,226,978,726,891,788,235.051333776819,-0.04253749438043848
2752,4896,979,1555,0,200,0,979,772,2375,236,978,719,884,783,234.15115730111646,-0.042509640460958904
2752,4896,975,1558,0,200,0,975,768,2371,244,974,723,889,790,231.34691336674533,-0.04232137610288872
2752,4896,977,1555,0,200,0,977,773,2377,246,976,719,882,782,234.30033545940455,-0.04222534997251945
2752,4896,976,1543,0,200,0,976,773,2375,250,975,720,882,770,246.78103307298335,-0.04259312405936576
2752,4896,974,1544,0,200,0,974,770,2373,254,973,723,884,774,245.6505001180603,-0.043018143838196014
2752,4896,974,1555,0,200,0,974,769,2376,260,973,723,885,786,234.50705428445764,-0.04284769996737541
2752,4896,974,1557,0,200,0,974,758,2372,267,973,733,897,799,232.44186893952173,-0.04281620436937738
2752,4896,978,1542,0,200,0,978,771,2378,274,977,719,882,771,248.05068452555867,-0.0430937969593432
2752,4896,974,1544,0,200,0,974,762,2372,284,973,731,888,782,245.70068217979284,-0.04308137819873548
2752,4896,982,1542,0,200,0,982,770,2303,292,981,723,881,772,247.4277987780596,-0.043362563255348
2752,4896,977,1547,0,200,0,977,767,2378,297,976,724,883,780,242.8915744669477,-0.043221966636830235
2752,4896,977,1545,0,200,0,977,762,2373,303,976,731,888,783,244.76640921234645,-0.04326860331786441
2752,4896,975,1555,0,200,0,975,760,2378,302,974,731,894,795,234.89702656080485,-0.04324052649755346
2752,4896,976,1542,0,200,0,976,761,2373,305,975,729,898,781,247.36564504943533,-0.043329067339499136
2752,4896,978,1557,0,200,0,978,769,2303,308,977,725,892,788,232.9786083374754,-0.0431918154288482
2752,4896,971,1555,0,200,0,971,768,2303,313,970,724,898,787,234.82100064629282,-0.04352800125785272
2752,4896,979,1558,0,200,0,979,772,2303,316,978,721,893,786,231.31523100390407,-0.04352605667297064
2752,4896,970,1555,0,200,0,970,773,2378,318,969,719,892,782,234.63789763408676,-0.04331317614438085
2752,4896,972,1555,0,200,0,972,768,2377,321,971,724,896,787,234.54567570939616,-0.043412501726034024
2752,4896,978,1538,0,200,0,978,775,2375,321,977,717,887,763,251.50368349098576,-0.04347800237592559
2752,4896,975,1541,0,200,0,975,759,2375,321,974,734,904,782,248.75685965682402,-0.043591067269226645
2752,4896,972,1558,0,200,0,972,769,2374,321,971,724,893,789,231.84348985499895,-0.04365648572802476
2752,4896,972,1542,0,200,0,972,763,2378,322,971,729,897,779,247.67449728641415,-0.04360824818278215
2752,4896,976,1559,0,200,0,976,763,2303,328,975,723,898,796,230.89731830502464,-0.04378235306286237
2752,4896,977,1552,0,200,0,977,769,2374,320,976,722,890,783,237.19016424051725,-0.04380205968162287
2752,4896,979,1541,0,200,0,979,767,2376,327,978,724,892,774,248.27963631268761,-0.043891616931315595
2752,4896,977,1543,0,200,0,977,760,2378,327,976,731,901,783,246.67053796606714,-0.0440828380113863
2752,4896,982,1556,0,200,0,982,774,2303,330,981,718,882,782,233.37904516327876,-0.044213257041422815
2752,4896,976,1529,0,200,0,976,770,2374,328,975,722,886,759,260.428195735065,-0.04428359630403083
2752,4896,976,1546,0,200,0,976,774,2375,323,975,715,881,772,243.73428733649905,-0.04409932218074134
2752,4896,975,1556,0,200,0,975,761,2375,329,974,733,895,795,234.71152839889587,-0.044399803921344634
2752,4896,978,1558,0,200,0,978,771,2303,330,977,722,883,787,232.4586640622194,-0.04452564855777068
2752,4896,977,1551,0,200,0,977,769,2303,322,976,725,883,782,239.19974278328513,-0.04459071909525313
2752,4896,980,1544,0,200,0,980,762,2303,325,979,729,888,782,245.76831692510757,-0.0445528829520529
2752,4896,977,1556,0,200,0,977,761,2303,326,976,732,889,795,234.6636376684763,-0.04481445548404436
2752,4896,980,1553,0,200,0,980,768,2303,323,979,722,880,785,236.72248071642431,-0.04455188972140581
2752,4896,981,1555,0,200,0,981,767,2303,326,980,724,878,788,234.43236169799474,-0.04436363404778354
2752,4896,974,1556,0,200,0,974,763,2303,326,973,729,883,793,233.9349666644942,-0.04433651359901818
2752,4896,980,1555,0,200,0,980,765,2303,328,979,724,880,790,235.16301454606116,-0.044642454810708145
2752,4896,980,1557,0,200,0,980,759,2303,327,979,732,885,798,233.70764404984763,-0.04476350937225598
2752,4896,976,1545,0,200,0,976,775,2303,332,975,719,868,770,245.5006702169773,-0.0444333149970152
2752,4896,980,1557,0,200,0,980,770,2303,335,979,722,870,787,233.43989515458935,-0.0444733678376101
2752,4896,982,1543,0,200,0,982,771,2303,339,981,721,867,772,247.0484668108864,-0.044432539352852345
2752,4896,979,1536,0,200,0,979,771,2303,342,978,720,865,765,253.37090699664097,-0.04453336263605456
2752,4896,976,1558,0,200,0,976,763,2303,340,975,727,874,795,232.06532573287458,-0.04454169805012843
2752,4896,984,1555,0,200,0,984,766,2303,344,983,723,873,789,234.45215498068902,-0.04477083121806463
2752,4896,976,1556,0,200,0,976,759,2303,342,975,731,877,797,233.33632757686237,-0.04443143964365775
2752,4896,974,1556,0,200,0,974,769,2303,338,973,723,868,787,233.91855942689605,-0.044389931089149647
2752,4896,982,1547,0,200,0,982,770,2303,338,981,719,866,777,242.5200410243671,-0.044467919793912264
2752,4896,986,1557,0,200,0,986,768,2303,340,985,715,868,789,232.2587606250602,-0.04445561393112829
2752,4896,987,1556,0,200,0,987,760,2303,340,986,730,877,796,233.6347034680764,-0.044020659143811876
2752,4896,984,1544,0,200,0,984,771,2303,340,983,720,866,773,245.72187910997536,-0.04426864934543867
2752,4896,974,1555,0,200,0,974,775,2303,340,973,716,862,780,234.86604759426396,-0.0442514748909956
2752,4896,988,1543,0,200,0,988,766,2303,341,987,726,872,777,247.0221481464542,-0.044203377034440515
2752,4896,990,1543,0,200,0,990,764,2303,345,989,727,871,779,246.50290878444451,-0.04442308777863689
2752,4896,982,1556,0,200,0,982,770,2303,344,981,718,867,786,233.88429444022586,-0.04399885249494059
2752,4896,989,1547,0,200,0,989,768,2303,341,988,722,869,779,242.87637467333172,-0.04395612501089174
2752,4896,992,1541,0,200,0,992,769,2303,344,991,721,868,772,249.263520581611,-0.04397169043648324
2752,4896,991,1537,0,200,0,991,771,2303,343,990,719,866,766,253.0758412426943,-0.04387677520972215
2752,4896,991,1553,0,200,0,991,763,2303,344,990,724,875,790,236.773883706364,-0.044074965891830575
2752,4896,990,1558,0,200,0,990,769,2303,340,989,721,870,789,231.8741512462231,-0.043860700296516016
2752,4896,985,1543,0,200,0,985,773,2303,346,984,717,863,770,246.32838903972478,-0.044066058543021744
2752,4896,991,1547,0,200,0,991,774,2303,344,990,716,864,773,243.02094070712403,-0.044169606111072325
2752,4896,992,1543,0,200,0,992,775,2303,346,991,715,864,768,246.86818241354905,-0.043755178463958565
2752,4896,991,1557,0,200,0,991,768,2303,341,990,723,870,789,233.0422980332718,-0.04391213249225424
2752,4896,993,1541,0,200,0,993,760,2303,343,992,731,879,781,248.87773373733395,-0.04402943333108504
2752,4896,991,1540,0,200,0,991,757,2303,342,990,735,882,783,249.90920179115764,-0.04399956172485874
2752,4896,990,1547,0,200,0,990,770,2303,341,989,718,870,777,242.98866466094495,-0.044059359938815164
2752,4896,991,1557,0,200,0,991,771,2303,339,990,717,868,786,233.03147696792732,-0.044080523938536086
2752,4896,995,1539,0,200,0,995,767,2303,337,994,721,873,772,250.3841209249551,-0.04411249718117288
2752,4896,992,1550,0,200,0,992,763,2303,336,991,728,877,787,240.03429599377736,-0.04396957143117679
2752,4896,992,1540,0,200,0,992,763,2303,333,991,728,875,777,250.26890954211427,-0.04421004958530315
2752,4896,994,1557,0,200,0,994,773,2303,331,993,716,866,784,233.37536898530797,-0.044164354914862036
2752,4896,992,1542,0,200,0,992,769,2303,332,991,722,870,773,248.31116430560667,-0.04415511466221412
2752,4896,993,1542,0,200,0,993,767,2303,330,992,717,872,775,247.3597976282386,-0.04420337992925648
2752,4896,995,1554,0,200,0,995,765,2303,329,994,723,874,789,235.24323844898436,-0.04440802026139605
2752,4896,992,1543,0,200,0,992,772,2303,326,991,718,869,771,247.23349348806303,-0.04425581952096005
2752,4896,990,1557,0,200,0,990,770,2303,325,989,720,871,787,232.98288206143323,-0.044294679530842984
2752,4896,992,1540,0,200,0,992,762,2303,319,991,729,879,778,249.7854747261817,-0.044135198328185896
2752,4896,989,1556,0,200,0,989,762,2303,318,988,729,879,794,233.849544020164,-0.04419159802816712
2752,4896,972,1543,0,200,0,972,763,2303,319,971,727,879,780,246.3232441783787,-0.04466334259042305
2752,4896,988,1537,0,200,0,988,769,2303,314,987,721,875,768,252.68006755149597,-0.044561656830564414
2752,4896,992,1557,0,200,0,992,770,2303,317,991,719,874,787,233.34119778125864,-0.04462391563811444
2752,4896,996,1557,0,200,0,996,763,2303,312,995,728,882,794,232.80602458683026,-0.04452051570567948
2752,4896,988,1543,0,200,0,988,755,2303,312,987,735,890,788,247.19878041305776,-0.0445156089925723
2752,4896,992,1557,0,200,0,992,763,2303,312,991,727,883,794,232.9903184818658,-0.04467323172336213
2752,4896,998,1557,0,200,0,998,769,2303,312,997,722,879,788,232.70945636996072,-0.04486991999597043
2752,4896,983,1553,0,200,0,983,769,2303,305,982,723,880,784,237.3908611749498,-0.04471136223961493
2752,4896,994,1544,0,200,0,994,763,2303,315,993,729,886,781,245.3876723373216,-0.04469162248936226
2752,4896,990,1557,0,200,0,990,756,2303,318,989,733,894,801,233.00320319688046,-0.04449699822055663
2752,4896,994,1548,0,200,0,994,765,2303,317,993,726,886,783,242.48405157384866,-0.04487704992775987
2752,4896,986,1557,0,200,0,986,771,2303,319,985,719,882,786,233.1605493907234,-0.04471825190167702
2752,4896,991,1557,0,200,0,991,774,2303,323,990,716,880,783,233.3222761774109,-0.04485384508276421
2752,4896,995,1555,0,200,0,995,762,2303,320,994,728,891,793,235.13864301640595,-0.04479796644966163
2752,4896,989,1536,0,200,0,989,768,2303,321,988,723,886,768,254.1619956803552,-0.045063878457097806
2752,4896,994,1542,0,200,0,994,771,2303,318,993,718,884,771,248.28703624396476,-0.045102228979366076
2752,4896,980,1556,0,200,0,980,760,2303,327,979,722,894,796,234.43695326505767,-0.04512881504325072
2752,4896,994,1541,0,200,0,994,771,2303,319,993,719,882,770,249.1763049458992,-0.045001793338507345
2752,4896,975,1541,0,200,0,975,770,2303,316,974,719,884,771,249.52889961231912,-0.045465873112803416
2752,4896,969,1542,0,200,0,969,762,2303,318,968,728,892,780,248.45154976747776,-0.04489531588495084
2752,4896,969,1554,0,200,0,969,759,2303,319,968,729,894,795,235.9008502113727,-0.04565038411955439
2752,4896,974,1540,0,200,0,974,775,2303,321,973,709,878,765,250.6025649391202,-0.04558661849549801
2752,4896,972,1541,0,200,0,972,766,2303,321,971,723,886,775,249.1278642830721,-0.04475291766526547
2752,4896,975,1553,0,200,0,975,771,2303,322,974,718,884,782,237.52749206702163,-0.045578468919037704
2752,4896,969,1539,0,200,0,969,757,2303,321,968,731,896,782,251.25876148416097,-0.04484391594560141
2752,4896,972,1555,0,200,0,972,763,2303,324,971,727,890,792,235.75733475198402,-0.04560455100004855
2752,4896,969,1537,0,200,0,969,775,2303,325,968,711,878,762,252.64759845760702,-0.04493206720877947
2752,4896,973,1544,0,200,0,973,773,2303,327,972,715,878,771,245.628949458524,-0.044680094701761215
2752,4896,976,1542,0,200,0,976,773,2303,330,975,713,876,769,248.32166255953683,-0.04483308134799336
2752,4896,976,1539,0,200,0,976,770,2303,328,975,714,879,769,250.30621299557765,-0.04405043751554005
2752,4896,978,1539,0,200,0,978,760,2303,331,977,730,889,779,251.41282488495395,-0.0441717986962903
2752,4896,973,1556,0,200,0,973,761,2303,330,972,725,887,795,233.07346914127783,-0.04417560644676087
2752,4896,973,1537,0,200,0,973,757,2303,333,972,731,892,780,253.07579270884924,-0.04465039730118528
2752,4896,961,1527,0,200,0,961,763,2303,333,871,722,884,764,262.4056077631871,-0.04458971276833628
2752,4896,965,1537,0,200,0,965,773,2303,335,964,712,873,764,253.2605791682837,-0.044644608244750424
2752,4896,965,1537,0,200,0,965,762,2303,341,964,722,885,775,253.17527747744936,-0.04357463381879456
2752,4896,970,1553,0,200,0,970,768,2303,341,877,720,878,785,237.18754139232112,-0.04418369046020766
2752,4896,959,1546,0,200,0,959,763,2303,341,958,722,884,783,244.0180404782551,-0.043702211049275734
2752,4896,975,1529,0,200,0,975,760,2303,344,974,722,885,769,260.28150506068715,-0.04397122402584979
2752,4896,973,1539,0,200,0,973,759,2303,341,972,726,885,780,250.4374951610488,-0.04340768530716613
2752,4896,971,1547,0,200,0,971,770,2303,341,870,715,873,777,242.91388833581644,-0.042939088343579485
2752,4896,968,1542,0,200,0,968,769,2303,343,967,715,873,773,246.98475588909366,-0.0427179161379511
2752,4896,971,1547,0,200,0,971,769,2303,345,970,717,873,778,242.8226340318156,-0.04275519152470625
2752,4896,964,1537,0,200,0,964,772,2303,345,963,711,870,765,252.47446554572792,-0.04212516586981028
2752,4896,963,1539,0,200,0,963,774,2303,343,962,712,867,765,250.50904887786618,-0.04238631262783741
2752,4896,977,1525,0,200,0,977,759,2303,344,976,723,882,766,263.59731829475385,-0.0425168189048944
2752,4896,968,1539,0,200,0,968,770,2303,343,967,715,870,769,249.68060621535315,-0.0421374582012101
2752,4896,971,1555,0,200,0,971,768,2303,341,970,716,871,787,233.3645886062802,-0.041886661894639535
2752,4896,965,1552,0,200,0,965,765,2303,341,964,723,876,787,237.06781899225555,-0.04195087255682491
2752,4896,969,1535,0,200,0,969,775,2303,343,968,710,865,760,253.9732853642938,-0.04189874129998505
2752,4896,966,1549,0,200,0,966,773,2303,343,965,709,866,776,239.18447990425224,-0.041645854970319154
2752,4896,968,1529,0,200,0,968,775,2303,344,967,709,865,754,259.9282016148519,-0.04152802439144008
2752,4896,959,1537,0,200,0,959,757,2303,341,958,728,882,780,251.13164473506785,-0.04196419655718534
2752,4896,960,1541,0,200,0,960,760,2303,342,959,723,881,781,247.74972304190172,-0.041421942662427574
2752,4896,964,1557,0,200,0,964,760,2303,343,963,720,881,797,231.98110877546944,-0.0416821760288459
2752,4896,963,1541,0,200,0,963,772,2303,342,962,712,870,769,248.1604192860086,-0.04119473382436678
2752,4896,962,1545,0,200,0,962,757,2303,341,961,727,884,788,243.58534791966008,-0.04169528720201268
2752,4896,961,1558,0,200,0,961,771,2303,343,960,714,869,787,230.90077216533638,-0.04116905412746871
2752,4896,966,1557,0,200,0,966,763,2303,345,965,720,878,794,231.79221396581946,-0.04132574522249626
2752,4896,960,1530,0,200,0,960,763,2303,343,959,719,876,767,258.8553264895142,-0.04124099678582181
2752,4896,965,1544,0,200,0,965,768,2303,343,964,710,869,776,243.73434632787232,-0.04094013781061008
2752,4896,955,1556,0,200,0,955,763,2303,344,954,717,878,793,232.5174107979601,-0.041102744131643526
2752,4896,966,1542,0,200,0,966,761,2303,342,965,718,879,781,246.5974325651526,-0.041086796115602994
2752,4896,965,1558,0,200,0,965,757,2303,337,964,724,883,801,230.6223301637868,-0.04120682421234868
2752,4896,956,1555,0,200,0,956,767,2303,343,955,718,872,788,232.91802101485354,-0.0410106223171197
2752,4896,963,1529,0,200,0,963,775,2303,345,962,705,864,754,259.5858113728692,-0.04099073789419867
2752,4896,958,1540,0,200,0,958,760,2303,345,957,718,878,780,248.23502934183523,-0.04069233865744107
2752,4896,961,1555,0,200,0,961,772,2303,345,960,709,867,783,233.36029090565464,-0.04096630723526984
2752,4896,961,1557,0,200,0,961,769,2303,345,960,710,871,788,231.49122441043008,-0.040984407590415876
2752,4896,960,1542,0,200,0,960,760,2303,347,959,721,879,782,245.86161513269337,-0.04105840520025623
2752,4896,954,1556,0,200,0,954,762,2303,348,953,721,877,794,233.03268203902533,-0.04118069833938151
2752,4896,953,1541,0,200,0,953,761,2303,344,952,720,878,780,247.8587641011548,-0.04117798329603782
2752,4896,954,1543,0,200,0,954,761,2303,333,953,715,878,782,244.60296664545334,-0.04071435334493058
2752,4896,959,1543,0,200,0,959,761,2303,346,958,719,877,782,245.59485252215168,-0.04100305663620647
2752,4896,955,1543,0,200,0,955,761,2303,348,954,718,877,782,244.95115234929446,-0.04096381696653346
2752,4896,957,1557,0,200,0,957,768,2303,347,956,715,872,789,231.9212700435949,-0.04096155743151558
2752,4896,956,1531,0,200,0,956,770,2303,347,955,710,869,761,257.5974511812314,-0.041096011847186656
2752,4896,953,1558,0,200,0,953,763,2303,350,952,719,878,795,231.277594470117,-0.04095620943287552
2752,4896,953,1538,0,200,0,953,763,2303,349,952,713,877,775,250.86223027535902,-0.040961300325802565
2752,4896,948,1536,0,200,0,948,762,2303,348,947,718,879,774,252.90243366404843,-0.040975861058600876
2752,4896,953,1552,0,200,0,953,772,2303,348,952,706,867,780,236.89530500802613,-0.041026072434842395
2752,4896,951,1539,0,200,0,951,767,2303,348,950,713,871,772,249.011718510229,-0.040812405829586985
2752,4896,952,1555,0,200,0,952,763,2303,349,951,717,876,792,233.43448833561249,-0.04061121439306626
2752,4896,952,1555,0,200,0,952,771,2303,348,886,710,867,784,232.97013841150414,-0.0409130994002782
2752,4896,953,1546,0,200,0,953,768,2303,350,952,712,870,778,242.82757521154315,-0.040810985036600335
2752,4896,954,1556,0,200,0,954,765,2303,348,953,713,874,791,233.17557773709268,-0.04088389382474658
2752,4896,952,1546,0,200,0,952,772,2303,344,951,709,868,774,242.56982837213712,-0.04048660787405668
2752,4896,953,1552,0,200,0,953,773,2303,349,952,701,865,779,236.4644443069235,-0.0408898905562289
2752,4896,950,1526,0,200,0,950,760,2303,348,949,718,878,766,261.7461602149298,-0.04057651673342546
2752,4896,951,1555,0,200,0,951,764,2303,353,950,711,874,791,234.05999260346945,-0.04096528478197545
2752,4896,952,1530,0,200,0,952,758,2303,350,951,724,880,772,258.4939783093832,-0.03986935564910117
2752,4896,952,1544,0,200,0,952,774,2303,348,951,709,864,770,244.27538204095848,-0.039809406367951716
2752,4896,953,1539,0,200,0,953,773,2303,351,952,709,866,766,249.681664544632,-0.04073958334166306
2752,4896,953,1541,0,200,0,953,768,2303,348,952,712,870,773,246.67011579732142,-0.040793409556630265
2752,4896,953,1545,0,200,0,953,755,2303,347,952,725,883,790,242.44091675169724,-0.0403982278366593
2752,4896,947,1540,0,200,0,947,757,2303,347,946,723,880,783,247.71333494698186,-0.03963352292706155
2752,4896,952,1538,0,200,0,952,767,2303,352,951,711,870,771,250.42952452685552,-0.039988126615462916
2752,4896,971,1539,0,200,0,971,770,2303,351,970,709,868,769,249.15717831477866,-0.03974456143682451
2752,4896,922,1534,0,200,0,922,762,2303,350,884,715,876,772,253.67517448841122,-0.03977027898210165
2752,4896,921,1557,0,200,0,921,768,2303,353,892,712,871,789,231.50167875368876,-0.039853158550372525
2752,4896,954,1530,0,200,0,954,773,2303,352,953,709,865,757,258.40458027161094,-0.039992585866649916
2752,4896,925,1557,0,200,0,925,763,2303,352,903,718,876,794,231.2083503415256,-0.04003743933003614
2752,4896,949,1559,0,200,0,949,771,2303,352,948,711,867,788,229.5430129158008,-0.03903515493489418
2752,4896,922,1557,0,200,0,922,757,2303,353,881,724,882,800,231.15059482389535,-0.0389697176193844
2752,4896,921,1556,0,200,0,921,763,2303,353,883,720,875,793,232.24004150297665,-0.038861529661297856
2752,4896,922,1557,0,200,0,922,757,2303,351,884,722,882,800,231.59363466128897,-0.03936425018121197
2752,4896,922,1556,0,200,0,922,775,2303,351,894,706,862,781,232.2766758519177,-0.03879472599263965
2752,4896,921,1553,0,200,0,921,761,2303,351,887,720,877,792,234.9215192868047,-0.03906351160858161
2752,4896,921,1555,0,200,0,921,769,2303,352,902,707,868,786,233.30151999647174,-0.03904227328741959
2752,4896,922,1557,0,200,0,922,763,2303,347,900,718,875,794,231.69940886313523,-0.0391357990025043
2752,4896,922,1556,0,200,0,922,760,2303,354,886,720,877,796,231.96822818734432,-0.038973917997389446
2752,4896,922,1556,0,200,0,922,768,2303,349,889,712,871,788,231.93255741599543,-0.03957141858274551
2752,4896,922,1556,0,200,0,922,762,2303,353,887,720,875,794,231.6832657470996,-0.03876745972080661
2752,4896,921,1558,0,200,0,921,773,2303,353,887,709,864,785,230.11449307864004,-0.03828564075738813
2752,4896,921,1557,0,200,0,921,774,2303,352,888,707,863,783,230.94902679084694,-0.03834470368808249
2752,4896,921,1556,0,200,0,921,769,2303,352,896,711,869,787,231.2737751189218,-0.038311957529575655
2752,4896,922,1555,0,200,0,922,760,2303,354,903,718,876,795,232.6489186347314,-0.03796085108748111
2752,4896,922,1555,0,200,0,922,767,2303,355,904,711,869,788,232.63696507973822,-0.0379451640796179
2752,4896,922,1555,0,200,0,922,770,2303,348,889,710,866,785,232.49152683016774,-0.03769315876820947
2752,4896,965,1554,0,200,0,965,772,2303,352,964,707,863,782,233.82046222974327,-0.037972300084731236
2752,4896,922,1557,0,200,0,922,760,2303,352,886,719,875,797,229.91571978586478,-0.038043940990912906
2752,4896,922,1556,0,200,0,922,771,2303,354,889,708,864,785,231.64152528530107,-0.037625454811777655
2752,4896,925,1550,0,200,0,925,768,2303,356,885,710,869,782,237.51627671372378,-0.0376749387963529
2752,4896,922,1555,0,200,0,922,757,2303,357,921,721,880,798,232.93232804865357,-0.038187474652267496
2752,4896,954,1556,0,200,0,954,755,2303,356,953,721,880,801,231.33592923159145,-0.03823956686605196
2752,4896,922,1554,0,200,0,922,774,2303,355,883,707,862,780,233.71559716145924,-0.03806066144808538
2752,4896,922,1557,0,200,0,922,775,2303,356,883,705,861,782,230.85972647559123,-0.037897393826110105
2752,4896,921,1554,0,200,0,921,769,2303,352,902,709,865,785,233.01019208262014,-0.03782649978245453
2752,4896,950,1555,0,200,0,950,771,2303,354,949,707,864,784,232.50571951375164,-0.037749471623711
2752,4896,932,1555,0,200,0,932,771,2303,356,931,708,867,784,232.97564752643234,-0.0380850850106138
2752,4896,980,1555,0,200,0,980,756,2303,353,979,721,879,799,232.3544674778515,-0.038042913331235495
2752,4896,926,1558,0,200,0,926,767,2303,357,886,711,867,791,229.2347000068417,-0.038099414349776574
2752,4896,964,1555,0,200,0,964,759,2303,356,963,719,878,796,232.79914793793046,-0.03802882715661619
2752,4896,935,1556,0,200,0,935,772,2303,356,897,706,865,784,231.99562700025717,-0.038033522548155965
2752,4896,924,1555,0,200,0,924,766,2303,357,881,711,867,789,231.7792389808585,-0.03789306318138541
2752,4896,959,1545,0,200,0,959,757,2303,357,958,721,880,788,242.67659433775862,-0.037875847710678166
2752,4896,944,1555,0,200,0,944,768,2303,358,888,709,866,787,232.09032292637295,-0.03791427060334619
2752,4896,978,1555,0,200,0,978,755,2303,356,977,723,882,800,233.14326707099465,-0.03823099821071417
2752,4896,922,1556,0,200,0,922,772,2303,357,888,706,865,784,232.33769046562432,-0.03825385278297478
2752,4896,978,1557,0,200,0,978,763,2303,355,977,717,872,794,230.4717587309823,-0.03731392918874813
2752,4896,973,1557,0,200,0,973,771,2303,363,972,710,865,786,231.60934361977266,-0.03814408425535637
2752,4896,963,1555,0,200,0,963,768,2303,358,962,709,867,787,232.86757324005035,-0.0381742974498697
2752,4896,976,1558,0,200,0,976,772,2303,323,894,705,865,786,230.16388443199853,-0.03760531557691812
2752,4896,970,1555,0,200,0,970,769,2303,358,969,708,865,786,231.97074663673024,-0.03769222663745987
2752,4896,973,1557,0,200,0,973,770,2303,357,972,707,865,787,230.60525530588444,-0.037815916335186155
2752,4896,975,1557,0,200,0,975,762,2303,355,974,715,875,795,231.24819833117763,-0.03801855634947498
2752,4896,973,1542,0,200,0,973,766,2303,358,972,710,870,776,246.3842934598482,-0.03821535751990692
2752,4896,978,1556,0,200,0,978,766,2303,356,977,713,868,790,231.51540715249246,-0.038187405176683675
2752,4896,980,1554,0,200,0,980,760,2303,327,979,717,875,794,234.13256592050826,-0.03805376020675931
2752,4896,974,1555,0,200,0,974,771,2303,327,973,705,863,784,232.11542666741173,-0.037636909598659896
2752,4896,979,1543,0,200,0,979,763,2303,326,978,714,871,780,244.64395580658092,-0.037772664889442635
2752,4896,976,1555,0,200,0,976,773,2303,328,975,706,862,782,233.2321968343645,-0.03792400586952892
2752,4896,979,1541,0,200,0,979,768,2303,328,978,710,866,773,246.0999648434244,-0.0378456721487727
2752,4896,979,1555,0,200,0,979,763,2303,329,978,713,872,792,232.9184653557588,-0.037872460775967016
2752,4896,977,1555,0,200,0,977,771,2303,328,976,703,863,784,232.2540474506658,-0.03804756530053545
2752,4896,933,1556,0,200,0,933,773,2303,331,879,701,861,783,231.37577308039167,-0.0375089471525287
2752,4896,975,1555,0,200,0,975,763,2303,329,974,712,875,792,232.1414937433856,-0.03811034228014811
2752,4896,982,1556,0,200,0,982,759,2303,331,981,717,875,797,231.62385029246778,-0.03794917339976741
2752,4896,972,1543,0,200,0,972,761,2303,331,971,717,874,782,244.98004731576762,-0.03786779143777118
2752,4896,974,1555,0,200,0,974,771,2303,330,973,706,863,784,231.99772771997598,-0.03802666183425378
2752,4896,979,1558,0,200,0,979,762,2303,330,978,716,873,796,230.06090045181347,-0.03804122854832798
2752,4896,973,1542,0,200,0,973,767,2303,328,972,710,868,775,245.92032427439287,-0.038219517370488114
2752,4896,973,1554,0,200,0,973,769,2303,324,972,707,864,785,233.36992672738174,-0.03821880814056987
2752,4896,971,1556,0,200,0,971,773,2303,320,970,703,863,783,232.1231364182999,-0.03836249812198813
2752,4896,972,1556,0,200,0,972,767,2303,327,971,711,869,789,231.6943181873666,-0.03834118648665159
2752,4896,969,1556,0,200,0,969,762,2303,326,968,713,873,794,231.30454180804222,-0.03794812547637815
2752,4896,972,1543,0,200,0,972,771,2303,324,971,706,864,772,244.9828229010437,-0.03844224161813265
2752,4896,979,1557,0,200,0,979,769,2303,324,978,705,866,788,230.50539329211364,-0.038269615056053884
2752,4896,976,1554,0,200,0,976,761,2303,318,975,714,873,793,232.55706437868085,-0.038157993846200104
2752,4896,974,1554,0,200,0,974,765,2303,323,973,709,872,789,233.48431032504584,-0.03810574241753603
2752,4896,979,1559,0,200,0,979,779,2303,362,978,696,858,780,230.01158660136406,-0.03829294437813715
2752,4896,979,1556,0,200,0,979,771,2303,361,978,703,863,785,231.81507449664238,-0.038536528669823385
2752,4896,978,1556,0,200,0,978,758,2303,360,977,714,876,798,231.6420734302887,-0.03847789127708
2752,4896,973,1552,0,200,0,973,768,2303,321,972,703,866,784,235.2659346535815,-0.03866897808074279
2752,4896,978,1553,0,200,0,978,765,2303,363,977,709,868,788,233.86762915052637,-0.03849061978299875
2752,4896,979,1555,0,200,0,979,761,2303,360,978,714,872,794,232.93309300570942,-0.03880075299953596
2752,4896,969,1555,0,200,0,969,763,2303,320,968,713,872,792,233.01203053104516,-0.038804168882407085
2752,4896,982,1555,0,200,0,982,755,2303,318,981,721,879,800,233.23725286497537,-0.03934968248210792
2752,4896,954,1555,0,200,0,954,770,2303,316,953,705,864,785,231.84742182187594,-0.03870448878852243
2752,4896,962,1555,0,200,0,962,768,2303,359,961,701,866,787,232.1080241414149,-0.03899803760423876
2752,4896,972,1554,0,200,0,972,765,2303,358,971,707,870,789,234.49760824899022,-0.0390361941738354
2752,4896,962,1556,0,200,0,962,768,2303,354,961,706,866,788,232.21990350613353,-0.0390492440043295
2752,4896,978,1553,0,200,0,978,765,2303,363,977,710,870,788,234.9079041281329,-0.03887420316571287
2752,4896,975,1557,0,200,0,975,771,2303,314,974,702,866,786,231.27272856478015,-0.038820932761819464
2752,4896,972,1540,0,200,0,972,765,2303,363,893,707,871,775,247.46636458875793,-0.03886486738413717
2752,4896,975,1539,0,200,0,975,765,2303,313,974,706,871,774,249.54169972401763,-0.03935593238983556
2752,4896,976,1558,0,200,0,976,762,2303,361,975,707,874,796,230.47818133957216,-0.03908232596149145
2752,4896,971,1543,0,200,0,971,770,2303,359,884,705,864,773,244.36670974538845,-0.03904191433023656
2752,4896,977,1556,0,200,0,977,770,2303,318,976,700,864,786,232.44647351199916,-0.03930916084784527
2752,4896,975,1537,0,200,0,975,776,2303,316,974,700,859,761,250.8209878376235,-0.03900837209733182
2752,4896,975,1554,0,200,0,975,779,2303,317,886,693,856,775,233.9307079986562,-0.038862560215791174
2752,4896,967,1556,0,200,0,967,769,2303,318,896,702,866,787,232.01655652470754,-0.039244369076301876
2752,4896,979,1556,0,200,0,979,779,2303,361,892,697,856,777,232.23765236984602,-0.03938108255117821
2752,4896,963,1551,0,200,0,963,759,2303,319,889,713,877,792,237.0571947853169,-0.03920577538949023
2752,4896,975,1556,0,200,0,975,758,2303,319,889,716,877,798,232.4491717728807,-0.039364391042165596
2752,4896,975,1555,0,200,0,975,773,2303,368,887,702,861,782,233.6825887876246,-0.03947881153908392
2752,4896,979,1555,0,200,0,979,772,2303,318,909,703,862,783,233.04992969167387,-0.03962439183534514
2752,4896,980,1554,0,200,0,980,760,2303,366,979,705,875,794,233.07033374912518,-0.038879448572291204
2752,4896,965,1556,0,200,0,965,775,2303,321,905,702,860,781,232.71487679035909,-0.039526289416176384
2752,4896,981,1558,0,200,0,981,766,2303,320,910,706,871,792,230.452147503805,-0.03902732735245051
2752,4896,968,1540,0,200,0,968,770,2303,364,883,705,866,770,248.5863614845503,-0.039283258034344716
2752,4896,965,1556,0,200,0,965,763,2303,364,890,710,872,793,232.89315074184933,-0.0393822636361031
2752,4896,977,1556,0,200,0,977,773,2303,320,901,701,865,783,232.70842706892242,-0.03936865510612252
2752,4896,972,1553,0,200,0,972,769,2303,361,889,707,866,784,234.96313776149458,-0.03944057970427135
2752,4896,972,1557,0,200,0,972,759,2303,320,891,715,877,798,232.03615809091897,-0.03940834592819524
2752,4896,922,1556,0,200,0,922,766,2303,314,901,705,869,790,231.82247097536873,-0.03961126384481937
2752,4896,925,1541,0,200,0,925,765,2303,321,924,706,869,776,247.1252603959356,-0.03953400989042834
2752,4896,974,1554,0,200,0,974,773,2303,368,900,701,863,781,235.63231991132568,-0.039650673869740784
2752,4896,968,1552,0,200,0,968,761,2303,321,886,714,874,791,235.3261977624423,-0.03904973612304821
2752,4896,977,1557,0,200,0,977,766,2303,320,900,710,870,791,231.0781153445222,-0.03896886364866661
2752,4896,975,1549,0,200,0,975,761,2303,320,903,712,874,788,239.5872137521513,-0.039743432458587476
2752,4896,978,1555,0,200,0,978,770,2303,318,908,705,864,785,232.96395547174725,-0.039289754001431774
2752,4896,959,1555,0,200,0,959,762,2303,320,898,712,873,793,233.90466739963358,-0.03969681723666069
2752,4896,979,1557,0,200,0,979,760,2303,322,889,715,874,797,231.33663239880002,-0.03948949919972815
2752,4896,978,1555,0,200,0,978,773,2303,322,916,702,861,782,233.60945884792287,-0.039941958939350986
2752,4896,976,1547,0,200,0,976,774,2303,322,896,701,862,773,241.63270065585883,-0.03912591031107402
2752,4896,969,1556,0,200,0,969,771,2303,366,905,704,864,785,233.33261253476536,-0.03970349847197137
2752,4896,973,1557,0,200,0,973,760,2303,366,908,713,877,797,231.71005020961852,-0.039733234021846045
2752,4896,979,1544,0,200,0,979,766,2303,308,936,702,869,778,244.53766085165685,-0.0395610069443741
2752,4896,978,1539,0,200,0,978,769,2303,322,913,702,866,770,249.48654189623727,-0.039538352114417016
2752,4896,958,1557,0,200,0,958,771,2303,324,922,705,863,786,231.72352228569295,-0.03971231608148449
2752,4896,976,1558,0,200,0,976,776,2303,322,924,700,860,782,231.58080529149197,-0.03971422376522349
2752,4896,974,1555,0,200,0,974,771,2303,324,889,703,863,784,233.63398075603502,-0.0399951511832126
2752,4896,977,1553,0,200,0,977,757,2303,326,925,716,877,796,234.6895629657695,-0.03954149298976884
2752,4896,977,1555,0,200,0,977,771,2303,325,893,703,865,784,233.4143771354693,-0.03937482685381844
2752,4896,981,1555,0,200,0,981,761,2303,321,919,714,874,794,233.29990683999657,-0.03972626909456814
2752,4896,972,1556,0,200,0,972,760,2303,324,884,712,874,796,231.6709778794566,-0.03943354819622572
2752,4896,976,1555,0,200,0,976,770,2303,324,883,702,864,785,232.6302062392354,-0.03946870284163825
2752,4896,970,1555,0,200,0,970,762,2303,325,915,712,873,793,233.67957224268974,-0.039534710435898464
2752,4896,977,1555,0,200,0,977,767,2303,325,884,705,867,788,232.77262391139223,-0.03971194554503738
2752,4896,980,1555,0,200,0,980,759,2303,322,885,712,876,796,233.69702737038827,-0.039558844516827674
2752,4896,978,1557,0,200,0,978,765,2303,325,922,706,871,792,231.75361999055724,-0.039622709947253594
2752,4896,976,1542,0,200,0,976,761,2303,327,882,713,873,781,246.04707247837672,-0.039664082657418
2752,4896,979,1556,0,200,0,979,768,2303,327,891,706,866,788,231.42785212662332,-0.03934829007561551
2752,4896,982,1553,0,200,0,982,762,2303,329,981,709,873,791,235.67852963900728,-0.039717127265663905
2752,4896,969,1542,0,200,0,969,771,2303,328,902,701,863,771,245.7858626238055,-0.03980553784088997
2752,4896,976,1556,0,200,0,976,763,2303,332,897,712,872,793,232.85525118945571,-0.0396691688491167
2752,4896,978,1533,0,200,0,978,769,2303,333,890,707,864,764,255.3048746433708,-0.0399083703893904
2752,4896,979,1553,0,200,0,979,768,2303,367,887,699,865,785,234.73479434213974,-0.0397576431102945
2752,4896,982,1540,0,200,0,982,760,2303,364,926,712,875,780,248.82999189644494,-0.03958276727618946
2752,4896,978,1557,0,200,0,978,771,2303,333,891,702,863,786,231.49203243390443,-0.039645176614171135
2752,4896,979,1555,0,200,0,979,771,2303,329,890,697,864,784,233.24282424809795,-0.039607937701243996
2752,4896,974,1539,0,200,0,974,763,2303,336,886,706,872,776,249.11381274863413,-0.03925233560991307
2752,4896,979,1555,0,200,0,979,762,2303,335,889,712,873,793,233.00821931955775,-0.039444308227269666
2752,4896,963,1553,0,200,0,963,760,2303,336,900,712,878,793,235.60362976056106,-0.03933809163887404
2752,4896,980,1539,0,200,0,980,759,2303,338,979,714,877,780,249.89187252716343,-0.0395480005361199
2752,4896,967,1541,0,200,0,967,773,2303,336,887,703,861,768,246.41016495336976,-0.03935901826368361
2752,4896,978,1557,0,200,0,978,772,2303,337,882,697,862,785,231.5519325955605,-0.03983527918039654
2752,4896,976,1555,0,200,0,976,764,2303,338,916,707,871,791,232.80822418188376,-0.03952255799836208
2752,4896,970,1553,0,200,0,970,770,2303,339,902,705,866,783,235.26618588115255,-0.0390562813020072
2752,4896,973,1553,0,200,0,973,771,2303,340,887,701,864,782,235.2030453126509,-0.03972158528229231
2752,4896,970,1555,0,200,0,970,772,2303,338,892,702,862,783,233.3298361331509,-0.04001034607235705
2752,4896,978,1542,0,200,0,978,765,2303,339,938,707,869,777,245.71820703974876,-0.0395223032545548
2752,4896,962,1557,0,200,0,962,770,2303,338,891,702,866,787,232.036457835606,-0.03993345396996514
2752,4896,978,1542,0,200,0,978,773,2303,340,887,702,861,769,245.78465023434035,-0.03975911078200273
2752,4896,922,1542,0,200,0,922,760,2303,337,886,713,874,782,245.90518424876635,-0.039854859715769665
2752,4896,967,1552,0,200,0,967,776,2303,339,894,695,859,776,236.81883233351226,-0.0398486763888097
2752,4896,974,1558,0,200,0,974,768,2303,339,884,705,868,790,231.0034029005865,-0.040024212240961074
2752,4896,969,1537,0,200,0,969,761,2303,337,908,711,874,776,251.08642336606644,-0.039845095501426966
2752,4896,968,1550,0,200,0,968,766,2303,337,895,706,869,784,238.65314285830104,-0.03984141040066865
2752,4896,971,1544,0,200,0,971,768,2303,338,880,704,867,776,244.27548052835778,-0.03966522610973494
2752,4896,973,1543,0,200,0,973,763,2303,340,914,709,873,780,245.8081873270169,-0.039994320371022817
2752,4896,978,1542,0,200,0,978,768,2303,337,890,704,867,774,246.7296416343248,-0.039690109948006314
2752,4896,966,1541,0,200,0,966,765,2303,336,911,706,870,776,246.60570275083768,-0.03959263570390787
2752,4896,967,1542,0,200,0,967,763,2303,337,908,706,872,779,246.7030879166233,-0.03975162189303023
2752,4896,976,1553,0,200,0,976,762,2303,336,906,711,876,791,235.40864332422115,-0.03972639936128779
2752,4896,975,1558,0,200,0,975,759,2303,335,882,715,876,799,230.99749529713026,-0.03979132429436692
2752,4896,970,1554,0,200,0,970,768,2303,335,885,702,866,786,233.98459160756127,-0.039842907020536646
2752,4896,976,1555,0,200,0,976,763,2303,335,890,708,871,792,233.53146652439585,-0.03966464714653644
2752,4896,968,1553,0,200,0,968,771,2303,334,888,702,864,782,235.5771396390722,-0.03976653598502338
2752,4896,977,1542,0,200,0,977,762,2303,333,899,711,872,780,245.96679204404217,-0.03982726343491339
2752,4896,975,1554,0,200,0,975,762,2303,333,904,711,873,792,234.7102362594417,-0.04003003371592183
2752,4896,974,1553,0,200,0,974,761,2303,331,900,708,873,792,235.034440476938,-0.03984155514146818
2752,4896,970,1554,0,200,0,970,761,2303,331,888,709,874,793,234.7144520282186,-0.03999102896523929
2752,4896,968,1556,0,200,0,968,757,2303,331,924,709,880,799,231.80966294113472,-0.039520528732351345
2752,4896,976,1557,0,200,0,976,767,2303,331,975,702,869,790,231.0612468223365,-0.03930244776955877
2752,4896,979,1557,0,200,0,979,759,2303,330,881,714,876,798,231.53952751488836,-0.03982420650922538
2752,4896,973,1554,0,200,0,973,757,2303,330,915,712,877,797,234.52977561895239,-0.03960359258243926
2752,4896,978,1537,0,200,0,978,760,2303,329,888,711,873,777,250.79963990901345,-0.03993819278374477
2752,4896,922,1557,0,200,0,922,771,2303,327,883,697,864,786,231.47318735644748,-0.039632969175130886
2752,4896,924,1542,0,200,0,924,770,2303,327,885,703,866,772,247.0205316165534,-0.04007700500021575
2752,4896,959,1555,0,200,0,959,763,2303,327,885,711,873,792,233.81222063168133,-0.03987591660729879
2752,4896,976,1541,0,200,0,976,771,2303,327,891,701,865,770,247.78626466067513,-0.03966499162963961
2752,4896,963,1557,0,200,0,963,762,2303,324,899,705,874,795,231.66535202844108,-0.040134302093154654
2752,4896,976,1541,0,200,0,976,769,2303,326,885,702,866,772,246.98980624900094,-0.03989036752873325
2752,4896,976,1540,0,200,0,976,773,2303,324,934,697,862,767,247.96007905356524,-0.03977051635701307
2752,4896,976,1556,0,200,0,976,765,2303,323,899,705,871,791,231.894283255622,-0.039819815073364774
2752,4896,979,1538,0,200,0,979,757,2303,323,889,713,879,781,250.56953437753143,-0.039720436040343234
2752,4896,981,1557,0,200,0,981,773,2303,324,887,695,863,784,231.6790851590215,-0.0400377947175977
2752,4896,979,1544,0,200,0,979,773,2303,322,901,700,863,771,244.96385920657167,-0.03970662776805928
2752,4896,923,1556,0,200,0,923,760,2303,323,888,708,876,796,233.3602075071646,-0.04001477224600955
2752,4896,977,1541,0,200,0,977,762,2303,323,885,709,873,779,247.50369723003774,-0.03997911679743038
2752,4896,974,1540,0,200,0,974,767,2303,323,906,701,868,773,248.1589562586551,-0.03994627800481185
2752,4896,971,1557,0,200,0,971,765,2303,322,970,707,870,792,231.15610568510021,-0.0398224609351819
2752,4896,979,1555,0,200,0,979,768,2303,322,888,705,867,787,233.46512965060595,-0.03991570295829925
2752,4896,968,1556,0,200,0,968,762,2303,322,928,711,873,794,233.27620758648268,-0.03999172082626154
2752,4896,965,1556,0,200,0,965,779,2303,322,916,692,857,777,233.21495952420005,-0.039896055842158405
2752,4896,958,1553,0,200,0,958,766,2303,320,894,705,869,787,235.14322405692414,-0.039774273828171225
2752,4896,962,1556,0,200,0,962,776,2303,322,918,697,860,780,233.4498298909625,-0.03978638284346771
2752,4896,981,1554,0,200,0,981,764,2303,321,898,705,873,790,234.1013638742206,-0.03955699762422448
2752,4896,981,1556,0,200,0,981,776,2303,319,892,695,860,780,232.91058301111596,-0.039649067246864955
2752,4896,954,1553,0,200,0,954,773,2303,319,939,699,863,780,236.40654981355937,-0.040139949879155916
2752,4896,976,1557,0,200,0,976,771,2303,322,898,698,865,786,232.70554137835498,-0.04004738234816475
2752,4896,980,1542,0,200,0,980,762,2303,320,973,711,876,780,247.4321339300131,-0.04002667862418664
2752,4896,966,1553,0,200,0,966,762,2303,319,888,708,873,791,235.69187715886892,-0.039979519176853245
2752,4896,965,1557,0,200,0,965,764,2303,319,898,707,871,793,231.4008234574276,-0.03971893073602731
2752,4896,969,1547,0,200,0,969,772,2303,319,895,700,865,775,242.28185852011367,-0.03983027114872956
2752,4896,980,1553,0,200,0,980,773,2303,320,897,698,863,780,235.67280153730124,-0.039966567770102955
2752,4896,965,1555,0,200,0,965,758,2303,321,889,711,879,797,234.4523452911426,-0.03987747112348677
2752,4896,965,1554,0,200,0,965,771,2303,320,924,701,865,783,234.1557992032111,-0.03989565346273543
2752,4896,922,1556,0,200,0,922,755,2303,320,897,717,880,801,232.64493457474617,-0.04002651072485903
2752,4896,978,1557,0,200,0,978,773,2303,321,889,695,863,784,232.89255322770535,-0.039933474233677095
2752,4896,976,1556,0,200,0,976,762,2303,319,885,706,875,794,232.88240008228973,-0.04007970586353663
2752,4896,973,1556,0,200,0,973,769,2303,321,885,701,866,787,232.54513278665706,-0.03992601429286451
2752,4896,970,1556,0,200,0,970,774,2303,319,899,698,862,782,233.50192996127774,-0.04003838236524415
2752,4896,973,1556,0,200,0,973,765,2303,320,907,707,872,791,233.29899812541333,-0.03971253319268386
2752,4896,979,1555,0,200,0,979,770,2303,320,884,701,865,785,233.4570937215008,-0.04040180335457062
2752,4896,978,1554,0,200,0,978,760,2303,319,884,713,876,794,234.4012896241204,-0.039999198135970034
2752,4896,977,1543,0,200,0,977,765,2303,320,891,705,871,778,245.89970386997356,-0.03976116610135741
2752,4896,976,1553,0,200,0,976,778,2303,320,885,694,858,775,235.12086223638207,-0.03998182055556725
2752,4896,970,1556,0,200,0,970,760,2303,320,894,713,876,796,233.21364687567788,-0.03990151546512024
2752,4896,960,1555,0,200,0,960,770,2303,320,892,699,865,785,233.19340369955526,-0.03992511979472276
2752,4896,976,1545,0,200,0,976,770,2303,321,902,700,867,775,243.70486087369565,-0.03969657986174937
2752,4896,980,1557,0,200,0,980,765,2303,321,887,707,872,792,231.37373326374214,-0.03998501643242302
2752,4896,979,1556,0,200,0,979,765,2303,322,881,705,870,791,232.09571555460872,-0.03993772092873804
2752,4896,962,1556,0,200,0,962,776,2303,320,889,694,858,780,232.29592853683553,-0.04011601554053019
2752,4896,971,1534,0,200,0,971,768,2303,320,886,702,868,766,253.92562209161457,-0.03984507523771506
2752,4896,974,1555,0,200,0,974,767,2303,321,889,700,867,788,233.32953470947078,-0.04019645958214488
2752,4896,978,1554,0,200,0,978,763,2303,322,899,709,873,791,234.11035591859076,-0.04005641417406119
2752,4896,968,1537,0,200,0,968,765,2303,320,883,705,870,772,251.16438282281754,-0.04023949970632088
2752,4896,958,1553,0,200,0,958,771,2303,321,900,702,865,782,234.85942091618392,-0.04008692263980585
2752,4896,976,1556,0,200,0,976,773,2303,322,904,699,862,783,232.6967575407302,-0.03985463102530618
2752,4896,977,1557,0,200,0,977,772,2303,322,896,700,863,785,232.13080314450352,-0.04009630473843745
2752,4896,980,1553,0,200,0,980,773,2303,323,877,701,863,780,235.98419096792307,-0.03993519664919259
2752,4896,979,1557,0,200,0,979,765,2303,323,904,704,872,792,231.53466156658,-0.039936461683781344
2752,4896,964,1558,0,200,0,964,762,2303,323,883,709,873,796,231.01379926747668,-0.04000149372505217
2752,4896,977,1556,0,200,0,977,761,2303,324,911,707,874,795,232.19548959781653,-0.0399491641363563
2752,4896,974,1554,0,200,0,974,762,2303,324,906,707,875,792,234.05912750438952,-0.04008001271403182
2752,4896,979,1554,0,200,0,979,770,2303,323,883,700,866,784,233.81240308807344,-0.03978008661868409
2752,4896,974,1554,0,200,0,974,762,2303,325,886,712,874,792,234.81325523602226,-0.03987715269372756
2752,4896,978,1554,0,200,0,978,764,2303,324,890,708,872,790,234.8442410115719,-0.04001865419425543
2752,4896,979,1554,0,200,0,979,773,2303,327,896,699,863,781,234.7468723809753,-0.03990607190549235
2752,4896,971,1553,0,200,0,971,761,2303,326,895,711,875,792,236.05288199871197,-0.04022388506885753
2752,4896,977,1553,0,200,0,977,768,2303,325,883,704,867,785,235.00878254171192,-0.03989382972866021
2752,4896,980,1553,0,200,0,980,771,2303,326,929,698,864,782,235.4668337747443,-0.04032863688036102
2752,4896,976,1554,0,200,0,976,769,2303,326,885,695,867,785,233.94961496824394,-0.03997166264624968
2752,4896,968,1554,0,200,0,968,774,2303,328,887,694,863,780,235.12159974575766,-0.04019353871280848
2752,4896,970,1555,0,200,0,970,760,2303,325,888,708,874,795,233.3203827062533,-0.04018177707543107
2752,4896,972,1554,0,200,0,972,770,2303,327,886,700,865,784,234.2375411741737,-0.04000081054847786
2752,4896,981,1556,0,200,0,981,772,2303,323,883,698,865,784,232.2817116863625,-0.040012821140030644
2752,4896,982,1539,0,200,0,982,763,2303,325,910,706,873,776,249.24853246627805,-0.040365337357513555
2752,4896,977,1555,0,200,0,977,761,2303,325,892,711,875,794,233.11845910102622,-0.040010809242915835
2752,4896,974,1542,0,200,0,974,768,2303,326,957,705,868,774,246.6083134715186,-0.03988202466904297
2752,4896,922,1557,0,200,0,922,763,2303,326,897,707,872,794,231.33094645429927,-0.03992171549111568
2752,4896,976,1542,0,200,0,976,764,2303,324,884,707,875,778,246.1318092156081,-0.04005440227694649
2752,4896,970,1556,0,200,0,970,762,2303,324,897,710,874,794,233.22810991770694,-0.03990052254323482
2752,4896,981,1539,0,200,0,981,768,2303,324,899,702,867,771,249.09539349282042,-0.03988439262852481
2752,4896,922,1555,0,200,0,922,760,2303,322,902,712,875,795,232.9616559582598,-0.04001275455926283
2752,4896,975,1537,0,200,0,975,773,2303,321,888,697,861,764,251.0070603201489,-0.04014899328431637
2752,4896,980,1556,0,200,0,980,771,2303,324,899,699,865,785,232.9615195757589,-0.04008052799127853
2752,4896,974,1555,0,200,0,974,764,2303,324,885,708,872,791,233.8318893942912,-0.04007042797828073
2752,4896,922,1539,0,200,0,922,770,2303,321,888,701,865,769,249.0484017112995,-0.03993975887919674
2752,4896,980,1555,0,200,0,980,772,2303,320,905,699,865,783,232.4015436615928,-0.03946397560712252
2752,4896,975,1542,0,200,0,975,761,2303,319,885,710,874,781,246.24198827927606,-0.04000424958987693
2752,4896,976,1543,0,200,0,976,765,2303,320,885,707,870,778,246.18635883772376,-0.04008396703267759
2752,4896,981,1554,0,200,0,981,777,2303,320,980,696,859,777,235.29845484275177,-0.040114817086709276
2752,4896,970,1553,0,200,0,970,776,2303,319,903,696,860,777,235.75941707572795,-0.03996931784529576
2752,4896,978,1556,0,200,0,978,768,2303,317,891,704,867,788,232.5156508178386,-0.04015129176821442
2752,4896,970,1539,0,200,0,970,769,2303,317,901,701,868,770,249.05620910915593,-0.03984975904999089
2752,4896,974,1537,0,200,0,974,774,2303,317,918,699,861,763,251.52953571879635,-0.04016647507809483
2752,4896,969,1555,0,200,0,969,776,2303,317,888,695,858,779,232.9042389060758,-0.03987200281607701
2752,4896,966,1542,0,200,0,966,771,2303,318,915,700,864,771,246.98738988819548,-0.040296504422844666
2752,4896,980,1556,0,200,0,980,764,2303,318,903,707,872,792,232.31463951387164,-0.03993924649676607
2752,4896,967,1554,0,200,0,967,771,2303,315,881,699,864,783,234.39595344576185,-0.04024207898737021
2752,4896,963,1554,0,200,0,963,773,2303,315,883,698,863,781,234.97705250318083,-0.04006066665875411
2752,4896,979,1556,0,200,0,979,774,2303,316,883,697,862,782,233.5038668739739,-0.040223421898298736
2752,4896,923,1555,0,200,0,923,767,2303,315,894,705,869,788,233.42398334400036,-0.03991714457666354
2752,4896,974,1556,0,200,0,974,774,2303,315,890,699,861,782,233.03113400170741,-0.040095294447656055
2752,4896,971,1553,0,200,0,971,761,2303,314,887,708,874,792,235.6576067427209,-0.04043287051980183
2752,4896,978,1539,0,200,0,978,775,2303,314,885,697,860,764,249.22101262207323,-0.04013239730423157
2752,4896,981,1537,0,200,0,981,771,2303,314,882,702,864,766,251.26532775733816,-0.040074770202269426
2752,4896,951,1537,0,200,0,951,760,2303,312,884,713,875,777,251.02929237284434,-0.03986445313596862
2752,4896,978,1557,0,200,0,978,774,2303,312,898,698,862,783,232.34638334716578,-0.03996545905557789
2752,4896,981,1553,0,200,0,981,769,2303,312,887,703,866,784,235.07735651579148,-0.04011256781468313
2752,4896,977,1557,0,200,0,977,762,2303,312,885,709,874,795,231.91164579263122,-0.04014041594453071
2752,4896,978,1555,0,200,0,978,763,2303,310,888,708,872,792,233.17299764178637,-0.040263848003633584
2752,4896,969,1556,0,200,0,969,773,2303,312,886,698,864,783,232.60166514544076,-0.0400277583905518
2752,4896,972,1555,0,200,0,972,766,2303,310,900,704,869,789,233.938283597017,-0.0399810823774892
2752,4896,979,1554,0,200,0,979,771,2303,309,970,699,864,783,234.0814195714452,-0.0400326187866031
2752,4896,977,1555,0,200,0,977,765,2303,309,891,705,873,790,233.21848995687003,-0.040128914840592625
2752,4896,976,1540,0,200,0,976,775,2303,308,919,694,859,765,248.06185252302052,-0.03987571107536337
2752,4896,978,1542,0,200,0,978,774,2303,308,897,696,861,768,245.808606245488,-0.03982240303886202
2752,4896,977,1543,0,200,0,977,771,2303,310,888,700,864,772,245.1010513817294,-0.03995721461963136
2752,4896,965,1542,0,200,0,965,769,2303,310,881,702,866,773,246.75143099149483,-0.040144376052808455
2752,4896,964,1560,0,200,0,964,773,2303,310,886,700,862,787,228.9398958329415,-0.04016573400520085
2752,4896,978,1556,0,200,0,978,775,2303,310,890,695,860,781,232.9147932160564,-0.039784347787825025
2752,4896,954,1556,0,200,0,954,776,2303,309,882,697,858,780,231.95800103306343,-0.039744138793689675
2752,4896,968,1557,0,200,0,968,771,2303,309,888,696,865,786,231.57879013867432,-0.03969401215996407
2752,4896,972,1557,0,200,0,972,768,2303,310,923,703,867,789,231.20969935406072,-0.04019337660311295
2752,4896,978,1553,0,200,0,978,765,2303,311,887,704,871,788,235.6804827742524,-0.039910619661416534
2752,4896,972,1555,0,200,0,972,777,2303,308,882,697,859,778,233.89721149708947,-0.04002524858508629
2752,4896,979,1554,0,200,0,979,771,2303,307,882,701,865,783,234.1262278772128,-0.03999291638526642
2752,4896,977,1539,0,200,0,977,771,2303,308,898,703,866,768,249.45646825404842,-0.03966218944775886
2752,4896,970,1542,0,200,0,970,774,2303,307,888,695,861,768,245.9859908738031,-0.039839893517088554
2752,4896,974,1538,0,200,0,974,766,2303,309,882,706,869,772,250.27541727180346,-0.03994954625206723
2752,4896,971,1555,0,200,0,971,770,2303,308,902,701,866,785,234.03870416649866,-0.03993332659806144
2752,4896,975,1556,0,200,0,975,764,2303,308,887,706,872,792,232.82736615649375,-0.03983404019915173
2752,4896,962,1556,0,200,0,962,777,2303,306,882,691,858,779,231.95888976666154,-0.0400230369456681
2752,4896,964,1556,0,200,0,964,767,2303,311,881,707,870,789,233.3703963369767,-0.04018062204385007
2752,4896,977,1557,0,200,0,977,770,2303,310,882,702,867,787,232.14707455492447,-0.039741860573503575
2752,4896,979,1544,0,200,0,979,765,2303,311,885,708,871,779,245.0290962307276,-0.03959528446054092
2752,4896,952,1539,0,200,0,952,776,2303,306,891,696,859,763,249.30284825191234,-0.039776635998021115
2752,4896,973,1556,0,200,0,973,765,2303,310,880,707,871,791,232.68741995471902,-0.039556268130594416
2752,4896,968,1553,0,200,0,968,771,2303,309,880,701,865,782,234.65433083964228,-0.03965916725986269
2752,4896,979,1542,0,200,0,979,760,2303,311,881,711,876,782,246.26332067912804,-0.0398146825646102
2752,4896,981,1550,0,200,0,981,772,2303,308,893,696,863,778,238.4032196191715,-0.039921854442283335
2752,4896,976,1555,0,200,0,976,768,2303,310,912,706,868,787,233.59887804072653,-0.03973253637119182
2752,4896,964,1552,0,200,0,964,764,2303,308,885,709,872,788,236.09091279144852,-0.03990949357799545
2752,4896,978,1555,0,200,0,978,760,2303,308,905,714,875,795,233.38930008559953,-0.0393518941215261
2752,4896,978,1545,0,200,0,978,763,2303,304,877,710,874,782,244.0815773109338,-0.039757782061462146
2752,4896,971,1542,0,200,0,971,770,2303,311,878,702,866,772,247.14974201303386,-0.040001331615356565
2752,4896,971,1542,0,200,0,971,765,2303,309,897,709,871,777,247.37054827525435,-0.03998589645648473
2752,4896,969,1543,0,200,0,969,778,2303,308,882,695,858,765,246.72093347780407,-0.04006764606011203
2752,4896,979,1555,0,200,0,979,773,2303,313,882,703,863,782,234.70508085751757,-0.03998404956388149
2752,4896,974,1558,0,200,0,974,777,2303,308,904,698,859,781,231.45495281401713,-0.039931187329043064
2752,4896,979,1556,0,200,0,979,765,2303,310,903,709,870,791,233.42027782224528,-0.04024958814005464
2752,4896,976,1535,0,200,0,976,765,2303,307,893,706,872,770,254.12842805894942,-0.040077068686167505
2752,4896,978,1544,0,200,0,978,769,2303,312,876,702,867,775,244.28738464375348,-0.039779713187421066
2752,4896,922,1539,0,200,0,922,777,2303,312,883,693,858,762,249.2175221494431,-0.03991364184931267
2752,4896,977,1539,0,200,0,977,777,2303,307,921,694,860,762,250.092266572411,-0.039766336242719864
2752,4896,977,1555,0,200,0,977,765,2303,309,880,707,873,790,234.5581478861135,-0.03999966130652884
2752,4896,979,1533,0,200,0,979,775,2303,369,888,694,861,758,255.1859482910598,-0.039703501366787394
2752,4896,976,1553,0,200,0,976,781,2303,312,885,691,854,772,235.1990895137892,-0.03977120821803521
2752,4896,974,1537,0,200,0,974,773,2303,308,920,699,864,764,251.30763899386574,-0.03928244169623477
2752,4896,976,1540,0,200,0,976,773,2303,315,883,700,862,767,248.23813275684066,-0.03980801580337947
2752,4896,980,1552,0,200,0,980,762,2303,311,887,707,874,790,235.80547483907935,-0.03934498130093613
2752,4896,974,1540,0,200,0,974,762,2303,315,888,708,873,778,247.36464395548447,-0.039291045089364436
2752,4896,978,1540,0,200,0,978,776,2303,370,883,691,859,764,247.48982537987473,-0.039445758530081955
2752,4896,970,1555,0,200,0,970,766,2303,369,877,704,868,789,232.89794436221555,-0.03981481862096177
2752,4896,921,1539,0,200,0,921,775,2303,315,878,693,860,764,248.76629299802863,-0.039673458966417545
2752,4896,977,1556,0,200,0,977,766,2303,312,884,709,870,790,232.61062050187783,-0.039788264473862835
2752,4896,964,1543,0,200,0,964,764,2303,308,877,710,872,779,245.59708118887778,-0.0394469309305589
2752,4896,972,1542,0,200,0,972,758,2303,318,884,715,878,784,245.82107126332556,-0.039494802502626325
2752,4896,979,1537,0,200,0,979,779,2303,318,874,695,856,758,250.97809762631778,-0.03971567406803562
2752,4896,970,1558,0,200,0,970,767,2303,368,889,707,871,791,230.64603214037015,-0.0395115055909029
2752,4896,980,1545,0,200,0,980,773,2303,310,893,697,863,772,243.0285560020968,-0.03961665978182933
2752,4896,979,1537,0,200,0,979,773,2303,312,886,696,862,764,251.8155498514811,-0.039736056467438635
2752,4896,976,1555,0,200,0,976,770,2303,312,893,702,866,785,232.92012884729473,-0.0397691702675765
2752,4896,960,1555,0,200,0,960,765,2303,312,919,710,872,790,233.50209175929805,-0.039537252084339884
2752,4896,980,1556,0,200,0,980,771,2303,372,896,702,864,785,231.92921337524655,-0.039599641158609596
2752,4896,978,1537,0,200,0,978,773,2303,367,977,699,861,764,250.91689268521426,-0.039625682923277755
2752,4896,955,1541,0,200,0,955,775,2303,313,921,696,862,766,247.61535657812686,-0.03958636553246814
2752,4896,971,1541,0,200,0,971,768,2303,369,881,702,868,773,246.7884535410501,-0.03968447374126889
2752,4896,976,1558,0,200,0,976,773,2303,317,888,701,863,785,230.71046948318786,-0.039386556648219974
2752,4896,973,1540,0,200,0,973,771,2303,371,881,703,865,769,247.38298660385308,-0.03941416161352413
2752,4896,976,1556,0,200,0,976,760,2303,373,915,709,875,796,231.43915163171624,-0.0395229632726011
2752,4896,979,1544,0,200,0,979,768,2303,317,876,706,868,776,244.83317536225945,-0.0397238490283984
2752,4896,969,1539,0,200,0,969,777,2303,369,887,695,859,762,248.93499781393123,-0.03934792532880042
2752,4896,974,1540,0,200,0,974,763,2303,311,896,709,872,777,247.36127394579754,-0.03940321341944063
2752,4896,975,1539,0,200,0,975,765,2303,317,876,710,872,774,249.62165268229282,-0.039473476393209826
2752,4896,964,1557,0,200,0,964,763,2303,372,883,709,872,794,230.57825667136916,-0.03937055989504558
2752,4896,922,1556,0,200,0,922,763,2303,367,875,707,873,793,231.80026378721251,-0.03960253597460206
2752,4896,958,1555,0,200,0,958,771,2303,373,929,701,866,784,233.01237269540053,-0.039587485826257165
2752,4896,973,1553,0,200,0,973,763,2303,313,906,709,873,790,236.32164843463272,-0.04011254176133913
2752,4896,977,1540,0,200,0,977,771,2303,371,884,699,865,769,248.83162722431638,-0.039531309027107386
2752,4896,977,1557,0,200,0,977,773,2303,313,882,701,863,784,231.99349237066426,-0.039479656825353746
2752,4896,976,1558,0,200,0,976,771,2303,317,890,701,865,787,230.97672371673553,-0.03941979782026152
2752,4896,970,1539,0,200,0,970,771,2303,368,886,701,865,768,249.01020448787162,-0.03941950544384622
2752,4896,969,1537,0,200,0,969,779,2303,370,874,696,857,758,251.393400511398,-0.03932024799309645
2752,4896,964,1538,0,200,0,964,763,2303,313,879,709,871,775,249.57495289893117,-0.039505765170789804
2752,4896,970,1554,0,200,0,970,763,2303,371,883,711,873,791,234.51446175094068,-0.03951548596289248
2752,4896,967,1553,0,200,0,967,779,2303,368,878,694,857,774,235.47000386071917,-0.039695227982680874
2752,4896,969,1553,0,200,0,969,771,2303,371,882,701,865,782,235.2744313032664,-0.039544966768959834
2752,4896,923,1542,0,200,0,923,765,2303,372,882,704,871,777,245.87946476492704,-0.03954910635582909
