timestamp,angle_raw_1,angle_interp_1,angle_sg_1,pos_raw_1,pos_interp_1,pos_sg_1
233,-63.32746711950078,-63.32746711950078,-63.32746711950078,-100.0,-100.0,-100.0
234,-66.79483317618455,-66.79483317618455,-66.79483317618455,-100.0,-100.0,-100.0
235,-54.36206683010574,-54.36206683010574,-54.36206683010574,-100.0,-100.0,-100.0
236,-67.89158420779373,-67.89158420779373,-67.89158420779373,-100.0,-100.0,-100.0
237,-57.193186022378455,-57.193186022378455,-57.193186022378455,-100.0,-100.0,-100.0
238,-66.18033130003374,-66.18033130003374,-66.18033130003374,-100.0,-100.0,-100.0
239,-62.346404526464156,-62.346404526464156,-62.346404526464156,-100.0,-100.0,-100.0
240,0.0,0.0,0.0,-100.0,-100.0,-100.0
241,-74.1934814494925,-74.1934814494925,-74.1934814494925,-100.0,-100.0,-100.0
242,-50.06488700196764,-50.06488700196764,-50.06488700196764,-100.0,-100.0,-100.0
243,-52.059053274207855,-52.059053274207855,-52.059053274207855,-100.0,-100.0,-100.0
244,-40.907135006270614,-40.907135006270614,-40.907135006270614,-100.0,-100.0,-100.0
245,-33.37363378233136,-33.37363378233136,-33.37363378233136,-100.0,-100.0,-100.0
246,-26.43093947556634,-26.43093947556634,-26.43093947556634,-100.0,-100.0,-100.0
247,-22.494703479413683,-22.494703479413683,-22.494703479413683,-100.0,-100.0,-100.0
248,-15.613076587662105,-15.613076587662105,-16.163719525277955,332.35,332.35,334.8470635865701
249,-17.650708554848315,-17.650708554848315,-15.772605909051553,339.2105263157895,339.2105263157895,335.99109311741074
250,-13.692959103613024,-13.692959103613024,-14.194962916252202,340.6,340.6,337.12882829245245
251,-10.063608813906603,-10.063608813906603,-11.799704036671816,338.15,338.15,338.02768992617473
252,-14.584275763727018,-14.584275763727018,-8.66483718358139,336.6,336.6,338.81627530364557
253,-9.920571709350252,-9.920571709350252,-5.121761408661337,336.45,336.45,338.9660776375346
254,-0.2742709176420055,-0.2742709176420055,-1.5293762106059692,341.0,341.0,339.25316027625814
255,1.9105491661305651,1.9105491661305651,1.537038652367274,341.35,341.35,339.0147630388206
256,10.028083477054706,10.028083477054706,3.7474482759581895,337.9,337.9,337.9965420338194
257,8.815308335089421,8.815308335089421,3.9708299391311694,336.6,336.6,337.41742081448155
258,8.530833466780011,8.530833466780011,5.156276208242053,336.8,336.8,337.0011312217213
259,5.982564092019517,5.982564092019517,6.094489917100637,334.8,334.8,336.2015837104091
260,2.9101837198616067,2.9101837198616067,5.794791354840963,338.05,338.05,335.0557239819023
261,-0.4067759462689231,-0.4067759462689231,5.026447167313295,332.7,332.7,333.7114221073063
262,-0.7128490552642732,-0.7128490552642732,4.707349540699063,331.55,331.55,332.87248545572265
263,1.4519856659082397,1.4519856659082397,4.445865268032065,333.0,333.0,332.36852617970453
264,15.536492147556208,15.536492147556208,5.2062973408001465,331.95,331.95,331.80057207498567
265,6.931122382484811,6.931122382484811,6.30376034649127,330.6,330.6,331.30228829993723
266,10.79498158342447,7.700316188279638,7.8175560710150105,-100.0,330.775,331.04943438914205
267,8.469509994074466,8.469509994074466,9.433454894819896,330.95,330.95,330.80701357466245
268,5.74289583352614,9.793457345993689,11.521282044867121,-100.0,331.17857142857144,331.2358597285086
269,14.655003687219718,11.117404697912914,12.226404339636053,-100.0,331.40714285714284,331.3443891402733
270,5.220764029333669,12.441352049832137,12.526416784936591,-100.0,331.6357142857143,331.43920383538216
271,10.307337024382484,13.76529940175136,12.597694859834604,-100.0,331.8642857142857,331.7793270128583
272,16.420276291298865,15.089246753670585,14.109756899415945,-100.0,332.09285714285716,332.10893736982155
273,14.214629421192297,16.41319410558981,14.874071593374635,-100.0,332.32142857142856,332.2993600517148
274,17.737141457509033,17.737141457509033,15.521438324641478,332.55,332.55,332.4437499102223
275,10.109604402224235,10.109604402224235,16.02543613191297,332.3,332.3,332.5309150326816
276,17.06490093310159,17.06490093310159,16.440969638234638,332.85,332.85,332.5603813833244
277,20.483166942541082,17.33534692403093,16.79331834177618,-100.0,332.66031746031746,332.5316785175627
278,24.555331297578057,17.605792914960265,17.11729568967552,-100.0,332.47063492063495,332.44812109459355
279,18.931966001487865,17.876238905889604,17.535326213143822,-100.0,332.2809523809524,332.32056237879954
280,13.707989633223029,18.14668489681894,17.825092066052857,-100.0,332.0912698412699,332.1254988149125
281,19.247718425706825,18.41713088774828,18.437853189927523,-100.0,331.9015873015873,331.83142426201437
282,21.92466617660383,18.687576878677614,19.146433389686653,-100.0,331.7119047619048,331.6632255979333
283,19.631122447782488,18.958022869606953,19.024645746372535,-100.0,331.52222222222224,331.40506571859703
284,19.27991478994632,19.22846886053629,18.919795959785553,-100.0,331.33253968253973,331.210997629823
285,19.498914851465628,19.498914851465628,19.149196207810455,331.14285714285717,331.14285714285717,331.1496509372999
286,18.663268095074045,18.663268095074045,19.382450783444387,330.9,330.9,331.3962536809614
287,20.818699257952243,20.818699257952243,19.780868461529398,331.1,331.1,331.70635351576715
288,19.192292320599446,19.192292320599446,20.03711416558359,332.2857142857143,332.2857142857143,331.9897091144168
289,20.13709364615779,20.13709364615779,20.521962690736334,331.65,331.65,332.413729081378
290,18.51799830595177,18.51799830595177,20.942214738032714,332.8571428571429,332.8571428571429,332.71920347626417
291,23.5312026029805,23.5312026029805,21.072619119257205,334.3,334.3,333.23141995259823
292,21.61572044128446,21.61572044128446,23.35712549778619,335.05,335.05,333.6286554621867
293,22.25031274443607,22.25031274443607,21.538044637445093,333.55,333.55,334.30781943546833
294,20.874475272726844,20.874475272726844,20.038020711418714,333.75,333.75,334.779717733249
295,22.40528568288459,22.40528568288459,18.943266029772424,335.05,335.05,335.2393794440872
296,19.869456011028596,19.869456011028596,17.904573365137836,334.6666666666667,334.6666666666667,335.81324283559763
297,19.122834006388935,19.122834006388935,16.679348374794593,337.05,337.05,336.1320836026737
298,21.053606753964235,21.053606753964235,16.25657953717286,336.25,336.25,336.28930187459787
299,-9.790348850852995,-9.790348850852995,16.188746516764034,338.45,338.45,336.4771816418894
300,22.339048903883377,22.339048903883377,16.280600819939398,336.04761904761904,336.04761904761904,336.8176492135334
301,20.43425356492058,20.43425356492058,16.9038788395202,337.35,337.35,336.81156431803674
302,20.313141651291126,20.313141651291126,17.192630245858663,336.95,336.95,336.77895281189586
303,19.74180251544353,19.74180251544353,18.367679364483273,335.75,335.75,336.768730876968
304,25.46707306540274,25.46707306540274,19.840754035363503,335.75,335.75,337.0609339616759
305,17.882691537722113,17.882691537722113,21.605465904713697,336.9047619047619,336.9047619047619,336.8765799222934
306,20.879644853948104,20.879644853948104,23.34361466424356,337.55,337.55,336.7185004622215
307,21.093751449139194,21.093751449139194,21.484180390567108,336.7,336.7,336.95705757241046
308,19.474642678789074,19.474642678789074,21.929852761349284,338.2,338.2,337.1821930757433
309,25.588832938229594,25.588832938229594,22.425176261740017,337.9047619047619,337.9047619047619,337.4637496785333
310,24.061217154612265,24.061217154612265,22.663058895554457,338.45,338.45,337.6973511687572
311,22.681358890980636,22.681358890980636,22.591803801876853,333.06451612903226,333.06451612903226,337.5190156459625
312,20.77601703832545,20.77601703832545,23.87377284781695,338.8,338.8,337.3752589472532
313,25.868413879685335,25.868413879685335,24.422446799366046,338.75,338.75,337.017102404239
314,23.39713412281922,23.39713412281922,24.577960382885664,338.2,338.2,336.9617384323475
315,24.540386267606838,24.540386267606838,24.27905090881622,336.05,336.05,336.47886968186964
316,22.587255968809906,22.587255968809906,23.697565380008292,335.8,335.8,336.26532873199096
317,24.4977894262873,24.4977894262873,23.19308863987674,334.9,334.9,336.0846708509725
318,27.441661401087217,27.441661401087217,23.35175934056842,336.6,336.6,336.115129178224
319,20.48056918149187,20.48056918149187,21.864614334393636,334.7,334.7,335.4097285067892
320,16.42211028647482,16.42211028647482,18.902958670173298,336.9,336.9,335.3904072398209
321,17.292986510667795,17.292986510667795,16.428263044104128,334.0,334.0,335.5333031674227
322,17.75198481959433,17.75198481959433,14.912407252989212,336.8,336.8,335.8512346477071
323,13.256209346810481,13.256209346810481,11.668925939821044,336.2,336.2,336.20334195216736
324,13.75301739542755,13.75301739542755,10.80728504007885,336.55,336.55,336.7161172161191
325,-1.1693605390036759,-1.1693605390036759,9.60111404554598,336.25,336.25,337.1346994182307
326,4.325792639865342,4.325792639865342,9.384246360091986,338.25,338.25,337.99942684766404
327,12.673660089070964,12.673660089070964,8.774246905544448,338.0,338.0,338.506692523165
328,14.193859462901754,14.193859462901754,8.259726336491871,339.2,339.2,339.0387588881725
329,2.047655827901149,2.047655827901149,8.605929260575559,340.2857142857143,340.2857142857143,339.22173453997164
330,23.731594872457954,23.731594872457954,9.328518846977465,340.4761904761905,340.4761904761905,339.79614307261556
331,3.177340078288618,3.177340078288618,10.123673669273694,340.15,340.15,340.1350333979765
332,9.672126863889826,9.672126863889826,11.823438928023345,341.04761904761904,341.04761904761904,340.2848049989245
333,9.280638338329052,9.280638338329052,12.634768104352645,338.6,338.6,340.41966602025616
334,13.827229671211315,13.827229671211315,13.379939146185361,339.5,339.5,340.52038569274055
335,15.67682041357446,15.67682041357446,14.8135416496733,341.45,341.45,340.7273260073279
336,14.326164605622994,14.326164605622994,16.88109793543523,342.1,342.1,341.0935186382264
337,18.948068121860395,18.948068121860395,17.06688016664047,340.23809523809524,340.23809523809524,341.3712389571232
338,22.88726768247409,22.88726768247409,22.293653095624308,341.05,341.05,341.47375781081854
339,23.062384619846014,23.062384619846014,19.128759111114704,342.65,342.65,341.6483994266622
340,17.84624065534759,17.84624065534759,18.277913525274105,341.6,341.6,341.8233305228465
341,19.22907071028429,19.22907071028429,17.161208848319887,343.35,343.35,342.0095486355096
342,20.22035898887478,20.22035898887478,16.382597127763233,341.65,341.65,341.6652567381486
343,16.603112790165067,16.603112790165067,15.646714264800242,339.7,339.7,341.30439148234734
344,19.49289933771348,19.49289933771348,14.857790558213626,340.25,340.25,340.9252334110921
345,-20.467659473907503,-20.467659473907503,15.218898843230438,341.85,341.85,340.33036817402734
346,35.10882099734687,35.10882099734687,16.8531582004895,340.47826086956525,340.47826086956525,339.7468082684598
347,21.66017401162996,21.66017401162996,23.577723966907037,340.85,340.85,339.198254405443
348,23.02918942483514,23.02918942483514,23.900687718985964,335.75,335.75,338.62821444966136
349,24.7057460117608,24.7057460117608,23.520581727784347,338.0,338.0,338.4751983090568
350,-22.547124444637486,29.86547143726324,25.323240179432773,-100.0,338.25,338.0877190121829
351,35.025196862765675,35.025196862765675,26.597926287055977,338.5,338.5,337.8831637154939
352,-33.44058893707106,35.86564013980529,31.080248405936413,-100.0,337.94642857142856,337.83631371612375
353,36.706083416844905,36.706083416844905,24.06209965849643,337.39285714285717,337.39285714285717,338.18103240558315
354,-21.08906603903986,-21.08906603903986,22.216542826514715,338.76666666666665,338.76666666666665,338.6184403257343
355,23.599219859927334,23.599219859927334,19.782597265771578,339.1,339.1,339.2593558908993
356,37.71886112419953,37.71886112419953,16.92885131359861,338.34482758620686,338.34482758620686,339.42916118702306
357,22.723563636500824,22.723563636500824,15.581300175121228,341.65,341.65,339.72559377066665
358,23.304235857915423,23.304235857915423,15.95039446383661,340.0952380952381,340.0952380952381,339.9986051608991
359,-20.05131629739076,-20.05131629739076,18.05493527036003,340.3809523809524,340.3809523809524,340.06978230018984
360,27.065759695245383,27.065759695245383,21.076512575065756,340.2,340.2,340.1682686920941
361,26.167928422486455,26.167928422486455,25.268183158685652,340.0,340.0,340.19175341224206
362,25.210439798213248,25.210439798213248,23.264323196592898,340.2,340.2,340.33607356470634
363,36.62281534917821,36.62281534917821,23.775559733516396,339.85714285714283,339.85714285714283,340.3380250986355
364,-30.86675900030491,31.90053911789942,26.701150677100053,-100.0,339.7035714285714,340.2940411549254
365,27.178262886620633,27.178262886620633,28.333093840223995,339.55,339.55,340.2678258995925
366,22.954776013589488,22.954776013589488,29.88881931707405,341.85,341.85,340.3418842921803
367,-30.986066832599693,24.30071225464465,25.36037237909688,-100.0,341.35,340.8234001292844
368,25.646648495699818,25.646648495699818,24.41716842116724,340.85,340.85,341.0140368455093
369,19.843116161674683,19.843116161674683,26.26359221889042,339.9,339.9,341.25894634777177
370,25.26393983555414,25.26393983555414,22.066831603544955,340.9,340.9,341.07170114199715
371,20.118781472925733,20.118781472925733,20.625364476690585,339.45,339.45,340.58696186166964
372,21.279312877629508,21.279312877629508,22.26199955044389,342.8,342.8,339.8701486748564
373,22.628282266731972,22.628282266731972,18.719691786393007,341.7,341.7,339.0872958414154
374,24.849435016267034,24.849435016267034,15.091171009384901,337.1,337.1,338.3839948287026
375,22.243929134125384,22.243929134125384,13.085480883610066,337.75,337.75,337.81191984486287
376,-19.855678347388345,-19.855678347388345,12.242933711787192,334.23809523809524,334.23809523809524,336.73098039215876
377,27.615971001659393,27.615971001659393,11.275729078666705,335.57142857142856,335.57142857142856,335.8043438914046
378,19.123234195727665,19.123234195727665,11.31707263813038,336.0,336.0,335.54092436974975
379,-20.540485073795274,-20.540485073795274,11.78350099665122,336.45,336.45,335.24547295841603
380,20.81496676952636,20.81496676952636,12.385127241584684,335.25,335.25,335.79025210084217
381,27.04182178502982,27.04182178502982,13.86474436116439,336.05,336.05,336.90349709114605
382,21.38419783252999,21.38419783252999,17.247948122260198,334.35,334.35,337.7106377935808
383,18.466874794884408,18.466874794884408,20.51224890354203,340.5,340.5,338.70687782805624
384,19.17896834861525,19.17896834861525,19.02900565396814,341.85,341.85,339.5756819650956
385,21.04385409822526,21.04385409822526,22.151458263769527,339.95,339.95,340.45153846154034
386,17.995417570868916,17.995417570868916,24.455510168692054,342.35,342.35,341.3853135100213
387,23.81633482743241,23.81633482743241,21.209164050918794,342.35,342.35,341.92382676147577
388,25.871651952096812,25.871651952096812,21.17196539436398,340.75,340.75,342.5517840982566
389,17.966052710528782,17.966052710528782,21.651203936788548,342.2,342.2,342.22207929325765
390,24.66138420073112,24.66138420073112,21.770136629721296,343.25,343.25,341.51129928894824
391,23.082525776006328,23.082525776006328,21.297170455629363,341.55,341.55,341.3140142210749
392,17.193478020112966,17.193478020112966,20.977195847547875,341.5,341.5,341.0881124757614
393,19.688990150001473,19.688990150001473,20.715274669620456,339.42857142857144,339.42857142857144,340.7934583064013
394,22.238954959534116,22.238954959534116,20.1586863546906,341.8,341.8,340.6330833872029
395,18.446733047367584,18.446733047367584,20.157398856707378,336.0952380952381,336.0952380952381,340.6745895281208
396,20.317256098998534,20.317256098998534,20.51226872426205,342.4,342.4,340.72204912734514
397,19.944507334623793,19.944507334623793,20.23864129998884,341.65,341.65,340.66559793148224
398,22.614005692812945,22.614005692812945,20.71674675684485,340.3333333333333,340.3333333333333,340.6247382029753
399,21.080153410466934,21.080153410466934,21.63274891241241,341.95,341.95,340.708610213318
400,22.118609984866644,22.118609984866644,21.55332019150149,340.6,340.6,340.9599288946366
401,21.17015673575849,21.17015673575849,21.65861965953136,341.6,341.6,340.69025210084226
402,21.327888293602772,21.327888293602772,22.264096722810603,340.3,340.3,340.1144537815145
403,22.988181646895438,22.988181646895438,22.188221051719243,337.65,337.65,339.0693665158391
404,23.00140681114215,23.00140681114215,22.565502008121406,338.85,338.85,338.81838612368216
405,23.86727895023539,23.86727895023539,25.639513277389277,340.55,340.55,338.3804977375584
406,20.32121838791593,20.32121838791593,23.786419457929703,338.3,338.3,338.32895927602
407,24.05223670724729,24.05223670724729,22.37171903121127,335.3,335.3,338.8769683257937
408,24.556615290974154,24.556615290974154,20.674717542832553,335.95,335.95,339.0776470588254
409,22.959394107085586,22.959394107085586,19.54780596334784,341.35,341.35,339.27054945055136
410,26.48381172137502,26.48381172137502,21.37955575142327,340.75,340.75,339.24338720103617
411,23.75580658592476,23.75580658592476,20.777199404846186,339.15,339.15,338.7882352941195
412,-16.42176484876705,-16.42176484876705,18.894920637927363,342.55,342.55,338.3093923723354
413,23.04413340136931,23.04413340136931,12.852472521514432,339.15,339.15,337.9754621848758
414,18.71342906835444,18.71342906835444,7.731389230956109,334.1,334.1,336.99106442577215
415,24.30267504898998,24.30267504898998,4.3317532832506656,334.35,334.35,335.7010342598596
416,20.01176481843596,20.01176481843596,2.7093333531815507,334.14285714285717,334.14285714285717,334.68600517130113
417,-20.8367547475511,-20.8367547475511,2.29807357516497,334.15,334.15,334.53742512389755
418,-16.060436179571635,-16.060436179571635,3.8992792248571853,334.0,334.0,334.4666515837123
419,-19.67055818694289,-19.67055818694289,6.8757188812596635,333.45,333.45,334.13544925662757
420,21.207527890447142,21.207527890447142,5.951009557783822,332.8095238095238,332.8095238095238,334.5638181426435
421,21.92245255447414,21.92245255447414,8.92452463673056,337.7,337.7,335.3113962508098
422,22.64961252070597,22.64961252070597,12.553874752303233,338.85,338.85,335.54049127343427
423,20.72407182154615,20.72407182154615,17.62009371449,336.7,336.7,335.8916914458109
424,21.820136802665004,21.820136802665004,23.296835895056077,333.95,333.95,336.2388041370413
425,21.274846198624164,21.274846198624164,23.938153535462206,334.1,334.1,336.800588235296
426,21.024994318805916,21.024994318805916,22.92522367142284,337.5,337.5,336.90993320405266
427,19.551916835429264,19.551916835429264,21.088074038016074,338.2,338.2,336.78955397543814
428,19.150734078195672,19.150734078195672,18.789432393250358,336.3,336.3,336.7095927601829
429,16.83606041304649,16.83606041304649,17.049480884819236,338.3,338.3,337.01434389140456
430,16.766006935620073,16.766006935620073,15.61275598059084,338.15,338.15,337.6376923076941
431,15.295365480780942,15.295365480780942,14.48354819820156,338.5,338.5,338.3639819004544
432,17.164540203334937,17.164540203334937,13.760523962904415,335.75,335.75,338.90276018099735
433,18.276481557505353,18.276481557505353,13.291409537107931,339.3,339.3,339.3740271493232
434,-7.561009633189236,-7.561009633189236,13.381927966044532,341.5,341.5,340.0983710407259
435,18.8606682655605,18.8606682655605,14.006617099613626,340.25,340.25,341.1760180995494
436,17.060370843969803,17.060370843969803,14.833441254665104,342.2,342.2,342.5413122171965
437,18.482856300979357,18.482856300979357,15.412451217219823,343.75,343.75,343.0572204266341
438,17.242351311158632,17.242351311158632,16.278269194624215,343.85,343.85,343.7380736910168
439,17.93316744452232,17.93316744452232,17.192751110742527,344.0,344.0,343.91307692307885
440,19.77809707374191,19.77809707374191,18.32296632999786,344.35,344.35,343.2313703943135
441,19.3130084716982,19.3130084716982,19.894116818842082,345.7,345.7,342.69983193277506
442,16.34127218822047,16.34127218822047,18.135803562736093,343.85,343.85,342.22950226244535
443,16.313699198829507,16.313699198829507,18.237895731519195,336.0,336.0,341.54913703943305
444,18.858478008575428,18.858478008575428,17.99569756134166,342.57142857142856,342.57142857142856,341.04731092437163
445,18.194321683619517,18.194321683619517,17.46211442055467,338.25,338.25,340.95438590821135
446,17.26747767824289,17.26747767824289,16.87538372653808,340.1,340.1,341.33135746606524
447,17.966886185210125,17.966886185210125,16.24165393482902,342.75,342.75,341.57976405947187
448,16.357517821707365,16.357517821707365,16.16591098105246,342.5,342.5,342.30956043956235
449,-22.845050348540944,15.067512834607136,16.097107657430985,-100.0,343.625,343.32006787330505
450,13.777507847506907,13.777507847506907,15.455846883733171,344.75,344.75,344.21535875889003
451,13.178960137279784,13.178960137279784,14.945280349311602,345.95,345.95,344.1909534583083
452,16.343567178057153,16.343567178057153,14.547359661646214,345.65,345.65,344.91819004525075
453,15.59451965464823,15.59451965464823,14.723166827254998,342.6,342.6,344.9245927601829
454,16.84495888190029,16.84495888190029,14.86529219924499,345.45,345.45,344.59714932126883
455,13.794707643418754,13.794707643418754,15.523019718235105,342.75,342.75,343.93489441930814
456,13.627907030826083,13.627907030826083,16.554182225725334,342.8,342.8,342.7716806722708
457,16.87361926063487,16.87361926063487,16.400428475951873,343.9,343.9,342.00506140918094
458,16.12829421494826,16.12829421494826,16.619727082360964,343.9,343.9,341.311749622928
459,19.96502040273098,19.96502040273098,16.532813768124562,339.95,339.95,340.9204783451861
460,16.969499898992307,16.969499898992307,16.980012036947286,338.35,338.35,341.187853910797
461,18.70178581072202,18.70178581072202,16.863474292566707,337.6666666666667,337.6666666666667,340.9031523378601
462,16.433083794969694,16.433083794969694,17.565981047158072,340.0,340.0,341.2517129928914
463,10.337367160039415,10.337367160039415,16.730000613585098,344.14285714285717,344.14285714285717,341.3067032967052
464,20.307815331426994,20.307815331426994,15.551835694243522,341.8,341.8,340.9755893126501
465,15.881787810446085,15.881787810446085,15.010515867323555,343.1,343.1,340.711809954753
466,16.669026334607352,16.669026334607352,14.438863802458702,343.85,343.85,341.0222430510685
467,12.667243761100421,12.667243761100421,14.462970042787205,338.75,338.75,341.08231846584977
468,16.207865223033565,16.207865223033565,14.302474593088323,341.1,341.1,341.2028959276037
469,6.686737923466008,6.686737923466008,14.648526289047702,337.75,337.75,340.61877181642075
470,15.477757767347502,15.477757767347502,15.142972496255997,337.15,337.15,340.1036263736283
471,18.28134945455494,18.28134945455494,14.308881860238987,340.8,340.8,339.96425339366704
472,15.847911492352884,15.847911492352884,14.759639570462966,343.9,343.9,340.0245248868797
473,15.950113205247067,15.950113205247067,15.430329010698916,341.7,341.7,340.4145701357485
474,15.575024516739132,15.575024516739132,15.968492160769998,341.6,341.6,341.04533936651774
475,16.744638677226845,16.744638677226845,16.551928220313698,337.6,337.6,341.02665158371224
476,15.6699009737129,15.6699009737129,16.957285482964522,340.95,340.95,341.78497737556756
477,12.841861630504601,12.841861630504601,16.07981332786131,341.4,341.4,341.75766645119774
478,18.989880360147353,18.989880360147353,15.839538922075473,343.55,343.55,341.48652661064614
479,18.570336347594637,18.570336347594637,16.172538024525622,341.6,341.6,340.968552036201
480,14.40418569083184,14.40418569083184,15.78188903198578,340.85,340.85,341.2855526826134
481,17.38493856057577,17.38493856057577,15.640233952097189,341.1,341.1,341.38752854988337
482,11.984305388531894,11.984305388531894,15.406441113240174,343.8,343.8,340.9647058823548
483,15.589308828867145,15.589308828867145,15.093572534843954,337.95,337.95,340.4776729153219
484,16.173918771173742,16.173918771173742,15.529447140500956,340.0952380952381,340.0952380952381,340.48653307477025
485,15.66901439376443,15.66901439376443,14.856633315986613,338.5,338.5,340.2470717517795
486,12.268031454112052,12.268031454112052,15.869077957610607,343.0,343.0,340.3317194570154
487,17.163993017999594,17.163993017999594,15.689245143067708,338.65,338.65,340.46400560224276
488,15.453696975683231,15.453696975683231,15.278669235621251,338.25,338.25,340.6105817711719
489,16.157274693805228,16.157274693805228,15.88871672812455,344.3,344.3,340.3452488687802
490,19.947008564202108,19.947008564202108,15.761446038953135,341.55,341.55,340.2853824606785
491,11.964968815172124,11.964968815172124,15.187329489356816,338.2857142857143,338.2857142857143,339.9907304460264
492,18.623926444212938,18.623926444212938,14.945440112439595,340.3,340.3,339.41005817711886
493,6.251137765873986,6.251137765873986,14.470560453783472,340.05,340.05,339.02760180995665
494,17.408730810379588,17.408730810379588,14.261546518892557,337.95,337.95,338.68564964447506
495,18.06944494204542,18.06944494204542,13.820463045162871,335.25,335.25,338.5248804137058
496,11.18087616420115,11.18087616420115,13.559402382802864,337.95,337.95,337.71276018099735
497,9.793946029404532,9.793946029404532,13.77128026987991,339.95,339.95,337.6936931695774
498,15.711206052187464,15.711206052187464,13.697884974966776,336.42857142857144,336.42857142857144,337.84025856496635
499,13.807374802180158,13.807374802180158,12.643722959326972,340.5,340.5,338.10877828054487
500,16.808587626887363,16.808587626887363,13.585182907277574,336.3,336.3,338.58388709330075
501,9.316101670964894,9.316101670964894,12.003227394546474,341.0,341.0,339.16706528765536
502,15.056437572508615,15.056437572508615,14.811594457138643,335.45,335.45,339.5363046757183
503,12.497778648830776,12.497778648830776,13.821675809513621,340.3333333333333,340.3333333333333,339.51027364792265
504,6.7985858226091365,6.7985858226091365,12.31527073219398,341.45,341.45,339.16132514544466
505,14.290695690357081,14.290695690357081,11.074055891454549,341.45,341.45,339.337739711271
506,20.117938963628472,20.117938963628472,10.805761318041535,338.42857142857144,338.42857142857144,338.861463046759
507,9.381383076746243,9.381383076746243,11.327302553550005,338.5,338.5,338.79651152768986
508,22.597195563301327,22.597195563301327,11.43135768636044,337.76190476190476,337.76190476190476,338.47541909071504
509,-17.2609139828141,-17.2609139828141,11.054200606413705,337.3,337.3,338.24904546434146
510,15.144404575799603,15.144404575799603,12.358705178275589,335.85,335.85,337.76852187028845
511,18.418625253656437,18.418625253656437,12.384759554360192,339.9,339.9,337.779775910366
512,17.0075176976542,17.0075176976542,11.831355102490653,336.8,336.8,337.65817711700254
513,16.28244689348149,16.28244689348149,12.04120064814791,338.9047619047619,338.9047619047619,337.9857164404242
514,7.728954868582794,7.728954868582794,13.208806564280144,339.15,339.15,338.4079788838631
515,16.62478860636237,16.62478860636237,13.580018049471278,336.95,336.95,338.7631932773128
516,17.302646966844026,17.302646966844026,18.02751320707306,341.0,341.0,339.29478776126024
517,5.720038676431974,5.720038676431974,13.589206400987159,338.3,338.3,339.57259211377044
518,15.372955297803815,15.372955297803815,12.800457447553477,337.2,337.2,339.15957336781054
519,15.416005410246893,15.416005410246893,12.348437420692093,341.6,341.6,339.00814910579805
520,15.769198607448233,15.769198607448233,13.984883270757074,340.85,340.85,338.9261150614111
521,17.455137312824423,17.455137312824423,14.751089403515223,338.55,338.55,338.6946089204931
522,19.066671517788464,19.066671517788464,13.745353286099528,339.4761904761905,339.4761904761905,338.87367377720506
523,-11.383671887786338,-11.383671887786338,13.008501238024877,336.2,336.2,338.70715147597684
524,25.473848969131232,25.473848969131232,14.275685997315822,335.9,335.9,338.8128722258152
525,18.1306021562889,18.1306021562889,14.244284215422732,339.3,339.3,338.9029670329689
526,24.292629608708864,24.292629608708864,14.836298075073863,341.42857142857144,341.42857142857144,338.69095884507834
527,4.768170090597603,4.768170090597603,15.455188275665638,338.0,338.0,338.6560461107539
528,9.943188138763684,9.943188138763684,16.335817254997288,341.45,341.45,339.0469618616696
529,17.628096993258712,17.628096993258712,19.127948209842078,338.3333333333333,338.3333333333333,338.8414436543867
530,28.52452635543055,28.52452635543055,18.53955628591201,338.4761904761905,338.4761904761905,339.18637578108354
531,16.22516529147387,16.22516529147387,15.169782628989886,339.95238095238096,339.95238095238096,339.40407670760794
532,15.627208285897463,15.627208285897463,14.570847270824327,337.7142857142857,337.7142857142857,339.6113273001527
533,16.47295392512153,16.47295392512153,14.506169490066341,338.0,338.0,339.69975651799365
534,16.87339231527334,16.87339231527334,14.583322856847865,341.4,341.4,340.1164425770327
535,14.794557203427853,14.794557203427853,13.978827581100907,338.7,338.7,340.215063563889
536,-9.576008667927855,-9.576008667927855,13.367033899043317,344.4,344.4,340.8250592544729
537,22.53122030410369,22.53122030410369,13.652855760006057,342.7,342.7,341.11640379228805
538,15.237725044200431,15.237725044200431,15.669263674433981,341.2,341.2,341.34592113768775
539,21.609591679789595,21.609591679789595,16.444796904058208,338.65,338.65,341.8239969834106
540,15.026982398055496,15.026982398055496,17.738765087334567,341.8,341.8,342.3154751131241
541,27.502516168609034,27.502516168609034,19.17565660431847,342.1,342.1,342.3157358327966
542,18.768189524519787,18.768189524519787,21.016971471229137,342.9047619047619,342.9047619047619,342.1025296272374
543,19.96275903575683,19.96275903575683,22.255776807390937,342.3,342.3,342.1494764059489
544,18.101004666775,18.101004666775,18.811194176086417,343.2,343.2,342.3698793363518
545,16.276913545374153,16.276913545374153,17.29164559108364,344.1,344.1,342.6332859297584
546,21.34269007458643,21.34269007458643,16.302053813656322,343.5,343.5,342.7659405300601
547,16.826204840997992,16.826204840997992,15.926090703379526,339.3333333333333,339.3333333333333,342.5020060331844
548,15.389895392087332,15.389895392087332,17.13031704696568,340.9,340.9,342.1929304029323
549,8.946518924889082,8.946518924889082,15.237537775353179,346.05,346.05,342.4606011635442
550,7.110583040592432,7.110583040592432,13.670109373752048,340.15,340.15,342.54416074122145
551,16.58192642918553,16.58192642918553,13.157115870259293,343.5,343.5,342.6491402714951
552,25.53756787734599,25.53756787734599,12.060142348522536,343.0,343.0,343.3194505494525
553,16.068867621512506,16.068867621512506,11.402902758046928,343.2,343.2,344.30350786468625
554,15.995896541660246,15.995896541660246,12.455992565891194,343.6,343.6,344.8002262443458
555,-16.404386930578376,-16.404386930578376,12.935164744656479,347.5,347.5,344.50417582417776
556,21.38498568758615,21.38498568758615,14.059032281543349,343.04761904761904,343.04761904761904,344.1854320189633
557,18.202957336092688,18.202957336092688,14.80537539052322,346.25,346.25,344.4326826115081
558,12.782582291436457,12.782582291436457,15.111063139943447,347.2,347.2,344.09511312217387
559,21.4352493151475,21.4352493151475,17.65637733878963,343.1,343.1,344.25199956906033
560,21.761436406777342,21.761436406777342,17.793166184732236,339.5,339.5,343.9931609566923
561,15.458825147087571,15.458825147087571,17.950334146968594,342.3,342.3,343.7948416289612
562,22.285482606069426,22.285482606069426,18.72098020788809,344.7,344.7,343.7116569704824
563,-25.46489694841456,19.411751391370217,14.952445788765754,-100.0,345.05,344.449308338722
564,-28.300239488526206,16.538020176671004,14.486438817711669,-100.0,345.4,344.16076923077105
565,13.664288961971794,13.664288961971794,14.17924435504059,345.75,345.75,344.3531738849405
566,-10.369182788822647,-10.369182788822647,13.072893744953262,342.9,342.9,345.0154083171749
567,19.887817379650688,19.887817379650688,12.884614558580239,345.95,345.95,345.1915837104092
568,18.02407276671877,18.02407276671877,14.238375019198232,345.7,345.7,344.40373626373815
569,15.040927791932878,15.040927791932878,13.158253487541895,344.7,344.7,343.79417366946967
570,18.826371494779757,18.826371494779757,13.629059080068428,339.85,339.85,343.5060935143307
571,17.1696299965,17.1696299965,16.000743336115296,344.85,344.85,343.1199533146611
572,14.965216073819338,14.965216073819338,17.71199116993897,343.8095238095238,343.8095238095238,342.99522947640787
573,17.17724526221484,17.17724526221484,19.086259639306384,340.9,340.9,342.74371040724174
574,19.01833087924622,19.01833087924622,17.378595668896455,340.55,340.55,342.0086518710067
575,6.087164138399552,6.087164138399552,17.89631787068678,344.0,344.0,341.87740357681724
576,26.368260379973417,26.368260379973417,18.351438648214003,343.1,343.1,341.84426416720726
577,27.99366510339368,27.99366510339368,18.470054936235602,341.1111111111111,341.1111111111111,341.764889750774
578,13.028902143042398,13.028902143042398,19.09483283778312,341.9,341.9,340.90172376643153
579,18.015351991679267,18.015351991679267,19.435320770548664,339.0952380952381,339.0952380952381,341.0139969834106
580,20.26155223214666,20.26155223214666,19.609983134100595,340.23809523809524,340.23809523809524,341.00452129569965
581,18.439744657717593,18.439744657717593,19.620427575315876,342.3,342.3,340.763201896145
582,19.36947443656531,19.36947443656531,20.112790900556668,339.85,339.85,340.26107304460436
583,19.759980087424914,19.759980087424914,18.16731885790385,339.45,339.45,340.07080442433573
584,20.195904153243955,20.195904153243955,18.88038433496355,339.8,339.8,340.30474897651555
585,18.860760168323875,18.860760168323875,20.44946023305181,343.05,343.05,340.09295195001266
586,20.40027329605633,20.40027329605633,20.253002756542507,338.75,338.75,340.10097392803465
587,18.660355612981462,18.660355612981462,22.49237837643444,339.6,339.6,339.6425597931499
588,21.29432357570541,21.29432357570541,21.454503867891013,338.7,338.7,339.4316569704824
589,18.178848791636604,18.178848791636604,20.087508124940435,339.85,339.85,339.6044214608939
590,26.332469789151936,26.332469789151936,18.28954193919668,341.2,341.2,339.5506334841648
591,20.245260123182902,20.245260123182902,15.63852735882977,337.4,337.4,339.7002251669918
592,17.5329624765284,17.5329624765284,14.160997355667334,340.0,340.0,339.86160310278143
593,19.712976311615986,19.712976311615986,12.029999025222372,339.35,339.35,340.6950021547099
594,-11.641257504052353,-11.641257504052353,11.798896830486424,341.8333333333333,341.8333333333333,340.4107487610447
595,11.013240357515427,11.013240357515427,11.753480505844648,341.2857142857143,341.2857142857143,340.52035875889004
596,9.05168505009156,9.05168505009156,12.276446685469452,341.05,341.05,340.7418864468883
597,11.495988335682892,11.495988335682892,12.899012945666765,342.525,342.525,341.0700829562613
598,23.11570426270623,23.11570426270623,14.872275611027927,340.65,340.65,341.3705742296938
599,17.233361987264086,17.233361987264086,18.18149969852893,340.6190476190476,340.6190476190476,341.2662147430266
600,28.901706937887244,28.901706937887244,18.265690615253284,337.125,337.125,341.75265100661215
601,18.684608444437355,18.684608444437355,21.507305280397965,344.7,344.7,341.837971130332
602,18.195550663016355,18.195550663016355,21.407801548740583,343.35,343.35,341.7484975706234
603,18.780846890687293,18.780846890687293,19.232338300255645,341.6,341.6,341.79714208547693
604,18.147161311338355,18.147161311338355,17.66208102807036,341.02564102564105,341.02564102564105,341.8043032958795
605,18.293476545522793,18.293476545522793,13.83225536192749,343.15,343.15,341.5405112600082
606,-0.2740516235979716,-0.2740516235979716,13.201194716502997,343.6060606060606,343.6060606060606,341.1632999145147
607,31.31673230938248,31.31673230938248,12.66857160820522,338.5,338.5,341.02003512882357
608,8.086458987745258,8.086458987745258,13.274223847256739,338.8536585365854,338.8536585365854,340.57611552392177
609,-7.609905466551852,-7.609905466551852,12.787335220309132,341.9259259259259,341.9259259259259,340.9853969498415
610,18.953050510213743,18.953050510213743,8.808564119229402,339.95,339.95,341.57480248350595
611,5.554044071424801,5.554044071424801,7.3268584846732105,338.875,338.875,341.40292940998296
612,27.060246897844497,27.060246897844497,9.530396045341998,343.425,343.425,341.48072298311376
613,10.271899515307625,10.271899515307625,7.145753401311573,344.85,344.85,341.7121176997738
614,-0.24929847361351865,-0.24929847361351865,5.473935445173443,344.0,344.0,342.4849921519596
615,-24.39504754635798,-4.606452230822138,8.901725140213905,-100.0,342.65,342.8861206437983
616,-8.963605988030759,-8.963605988030759,8.063130945014173,341.3,341.3,342.8439650219081
617,29.282777837486993,29.282777837486993,6.308033752932516,338.4,338.4,342.68931264813807
618,19.67680102876308,19.67680102876308,7.6366440751533355,344.6,344.6,342.406172161174
619,-17.941370544689804,-17.941370544689804,10.32124954732528,342.67857142857144,342.67857142857144,342.20457237332994
620,31.023393952202664,31.023393952202664,10.368120532048833,344.8,344.8,342.1633820628862
621,-23.493624469856844,13.772816894539858,12.080817276575111,-100.0,342.025,342.25266910314605
622,-3.4777601631229453,-3.4777601631229453,12.005227657093263,339.25,339.25,342.0481940231733
623,22.672423467484624,22.672423467484624,10.944056378294768,340.5238095238095,340.5238095238095,341.56764564997786
624,17.081623738060706,17.081623738060706,10.290946094996935,343.7948717948718,343.7948717948718,341.0238470715192
625,14.080449717209277,14.080449717209277,13.086232260513514,343.25,343.25,340.11913136361676
626,-19.551473436308893,-19.551473436308893,14.129288911202373,338.65,338.65,340.03499504983307
627,29.85895882757893,29.85895882757893,9.799613633207484,338.53846153846155,338.53846153846155,340.048007296296
628,11.016317467016837,11.016317467016837,10.663002218978118,337.61538461538464,337.61538461538464,340.6048859439884
629,19.044181475488877,19.044181475488877,12.705559337669886,339.65,339.65,341.04567193236267
630,22.9204457498998,22.9204457498998,14.04629392426856,342.15,342.15,341.06776596529016
631,3.061955862898287,3.061955862898287,13.487610773468358,342.8048780487805,342.8048780487805,341.1759579587374
632,-1.1254868135851444,-1.1254868135851444,14.773260265959559,343.775,343.775,341.6807056073475
633,-27.298671941462683,11.14583647754484,14.013186928572695,-100.0,343.3125,342.7589665613134
634,23.417159768674825,23.417159768674825,7.895748597582491,342.85,342.85,343.08652454910174
635,26.167790031581497,26.167790031581497,4.884363120924113,341.675,341.675,343.0388512880472
636,6.2468527166320635,6.2468527166320635,1.9751526282994938,341.55555555555554,341.55555555555554,343.166369086776
637,-21.803684717883147,-21.803684717883147,3.7900010840475757,343.0,343.0,343.00027704031066
638,11.034684845069561,11.034684845069561,4.825175517056182,343.475,343.475,342.52321768258787
639,-13.212788527956901,-13.212788527956901,6.386768345104938,344.77272727272725,344.77272727272725,342.3337035398188
640,-2.0782404748266594,-2.0782404748266594,3.6189677927623283,340.34615384615387,340.34615384615387,342.30203652864265
641,5.780024603427573,5.780024603427573,6.34076695643017,342.3170731707317,342.3170731707317,342.1089499481518
642,28.600652769536225,28.600652769536225,9.054381270827415,344.775,344.775,342.53554108341416
643,29.709452409602243,29.709452409602243,12.588661813619465,339.3,339.3,342.130837083751
644,-1.3992343297592684,-1.3992343297592684,12.479534355244628,339.9,339.9,341.99603704418496
645,17.74595876425549,17.74595876425549,8.260550448651482,344.15999999999997,344.15999999999997,341.9470434282655
646,-5.3690447552453096,-5.3690447552453096,7.530406344583248,342.56410256410254,342.56410256410254,342.3709452254345
647,30.806211158008146,30.806211158008146,7.735086083315771,342.55,342.55,342.81158310482704
648,-13.17272735742163,-13.17272735742163,7.935354562007095,345.325,345.325,343.48512785894843
649,-6.636711498970455,-6.636711498970455,3.726996971933989,339.0,339.0,343.44541420401515
650,-8.580917759024326,-8.580917759024326,4.325531066096447,345.8,345.8,343.74104990958904
651,13.475146011353628,13.475146011353628,6.361862083179828,343.95,343.95,343.4863683825789
652,27.31900807542616,27.31900807542616,9.915900812632142,345.575,345.575,342.85890355963613
653,32.99256030392277,32.99256030392277,10.310437293349908,342.43589743589746,342.43589743589746,342.66237037288766
654,-2.9124894411635656,-2.9124894411635656,10.183978826859398,344.94444444444446,344.94444444444446,342.9670608515711
655,-15.268028389891635,-15.268028389891635,16.083383524652067,336.8,336.8,342.93951798211174
656,28.859889462199853,28.859889462199853,16.2679587923635,342.9756097560976,342.9756097560976,343.36779606315224
657,18.8116471420476,18.8116471420476,13.659329399084385,343.0,343.0,343.02220106323375
658,27.439801507661414,27.439801507661414,8.895719517843279,342.625,342.625,342.79371876128334
659,-18.60651565168714,-18.60651565168714,8.470312410709207,345.6,345.6,342.9002394639252
660,28.20111773180933,28.20111773180933,10.070689385068194,347.075,347.075,343.264672870156
661,16.810670936888002,16.810670936888002,11.034029306458478,341.20833333333337,341.20833333333337,343.41149701216295
662,-7.048679069438696,-7.048679069438696,8.27831482877383,343.25,343.25,343.5217376463158
663,-5.111677608098067,-5.111677608098067,6.150936530353269,341.4583333333333,341.4583333333333,342.91157693238813
664,13.064258120020522,13.064258120020522,8.582319211134298,340.67857142857144,340.67857142857144,343.0150331712915
665,26.80012945679284,26.80012945679284,9.032065338156091,345.975,345.975,343.04336450230437
666,2.428798468764474,2.428798468764474,10.841568843275521,342.82608695652175,342.82608695652175,343.4235370439566
667,-6.101837283676667,-6.101837283676667,5.88306615670847,342.9230769230769,342.9230769230769,343.6841329983599
668,16.45804460106824,16.45804460106824,7.898425717263557,342.4074074074074,342.4074074074074,344.5172273493538
669,30.38915444749045,30.38915444749045,8.425435308538187,346.89473684210526,346.89473684210526,344.54780070456604
670,3.527272389962245,3.527272389962245,9.752273405312584,346.65,346.65,344.69093494290206
671,-8.339867317223424,-8.339867317223424,7.9502220577893805,344.85,344.85,344.76006143691075
672,1.969181388803128,1.969181388803128,9.599013985534077,346.125,346.125,344.6817086103446
673,3.9863523344886636,3.9863523344886636,12.543647272934145,341.4166666666667,341.4166666666667,345.0388624121306
674,27.14350393878115,27.14350393878115,12.744753233177061,345.225,345.225,344.7530409757479
675,9.886581128175525,9.886581128175525,10.472341346375352,342.85714285714283,342.85714285714283,344.498496653979
676,29.115387687185986,29.115387687185986,9.600687343285156,345.25,345.25,344.2510608727949
677,-2.5705441021812034,-2.5705441021812034,7.5670754059411065,346.33333333333337,346.33333333333337,344.48232431075235
678,18.01785263062548,18.01785263062548,5.071717028853455,345.15,345.15,344.9213842295112
679,-4.0596243561705,-4.0596243561705,0.0708366009188075,343.6585365853658,343.6585365853658,345.02176956453206
680,-5.873377045056755,-5.873377045056755,-0.4699524475277146,343.2608695652174,343.2608695652174,345.24632159670614
681,-9.558996312875529,-9.558996312875529,-1.494427483027335,346.6341463414634,346.6341463414634,345.15905390069395
682,-11.438556937766446,-11.438556937766446,1.2820884416595084,346.55,346.55,345.08265731268006
683,-16.544053662081165,-16.544053662081165,-1.4444904780938932,345.1538461538462,345.1538461538462,344.7034305394757
684,18.744023032220795,18.744023032220795,2.9658974153017237,344.7,344.7,344.5936393038802
685,12.914520777404475,12.914520777404475,2.794836963972884,342.96153846153845,342.96153846153845,344.57432626911293
686,32.81375342734951,32.81375342734951,4.271093106070486,344.48,344.48,344.4752840445251
687,-0.02002994882827498,-0.02002994882827498,8.179482103812369,345.25,345.25,344.50930255396634
688,-0.48517607102114396,-0.48517607102114396,9.016580650842814,342.53846153846155,342.53846153846155,344.16476960855255
689,-18.117422707518966,-18.117422707518966,9.90390217011944,344.6829268292683,344.6829268292683,344.1589644461065
690,27.899543062145533,27.899543062145533,6.8172847732104955,344.95,344.95,344.30037257307504
691,-8.238336495050198,-8.238336495050198,2.9506017405882448,344.15999999999997,344.15999999999997,344.30982757040084
692,51.300823539307785,10.293662782456842,3.8815875257326313,-100.0,345.0175,344.38300493905354
693,28.825662059963886,28.825662059963886,3.945203509378481,345.875,345.875,344.45484426433484
694,-11.221172539064577,-11.221172539064577,6.922003790839399,342.7073170731707,342.7073170731707,344.76746319330346
695,7.628463169539442,7.628463169539442,10.497823726956252,344.575,344.575,345.11438984489934
696,-6.76542797585602,-6.76542797585602,11.867115987503965,344.9230769230769,344.9230769230769,345.69675293806563
697,21.650000041873803,21.650000041873803,7.977085673065856,345.0,345.0,345.5250294778632
698,19.764226604896365,19.764226604896365,10.65978210969675,346.65,346.65,345.38824545540734
699,6.716813388256811,6.716813388256811,10.799414944455272,347.42857142857144,347.42857142857144,345.40542108816584
700,-26.933228936844174,16.197604688760997,12.707883618305548,-100.0,346.57142857142856,345.7178050708829
701,25.678395989265184,25.678395989265184,15.12723127167127,345.7142857142857,345.7142857142857,345.8684566133588
702,-6.329840282556614,-6.329840282556614,15.802386099906427,346.7916666666667,346.7916666666667,346.12124495109254
703,3.3603584391561796,3.3603584391561796,14.814631661443086,339.7692307692308,339.7692307692308,346.4272659896132
704,31.001782609958497,31.001782609958497,10.080833319365768,347.2857142857143,347.2857142857143,346.65472890882626
705,19.199761328842595,19.199761328842595,8.279860838243863,348.8974358974359,348.8974358974359,346.7617154799015
706,9.402556188300075,9.402556188300075,10.765900124815394,348.05,348.05,346.69937954899285
707,-0.6728245896741902,-0.6728245896741902,10.242678546728929,346.36,346.36,346.7360051532078
708,16.610174004378212,16.610174004378212,8.964412017571581,350.1707317073171,350.1707317073171,347.0036035086754
709,-13.06102635097048,-13.06102635097048,9.375166474328005,346.2857142857143,346.2857142857143,347.098925765676
710,-29.806846998725828,4.8432545954898245,6.130746709765758,-100.0,345.73035714285714,347.6748340620718
711,22.747535541950125,22.747535541950125,7.402426246826732,345.175,345.175,346.68072854686454
712,29.598282411626162,29.598282411626162,9.979952267801638,344.45,344.45,345.60505895446323
713,-9.281470163028601,-9.281470163028601,9.106784069903142,346.95,346.95,345.3493221822831
714,-2.1651600547753698,-2.1651600547753698,8.437066893294187,347.8918918918919,347.8918918918919,344.88469133746594
715,12.642095026690587,12.642095026690587,6.898925150389916,345.35,345.35,344.545191472434
716,16.634807991495453,16.634807991495453,7.746903316301559,345.4090909090909,345.4090909090909,344.8896116833138
717,29.069356665298,29.069356665298,8.134865821907875,339.2857142857143,339.2857142857143,345.14675808794703
718,-15.821930919488514,-15.821930919488514,7.127536412064219,342.4347826086956,342.4347826086956,345.11095256603244
719,-11.410550733308728,-11.410550733308728,12.097643142711776,348.95,348.95,344.8732072080619
720,19.272803589317395,19.272803589317395,15.992366559444783,344.390243902439,344.390243902439,344.82714815116947
721,20.267387843177065,20.267387843177065,13.964638512118462,347.325,347.325,344.2486367793083
722,-37.73160707399733,26.04423836247541,12.998727423734703,-100.0,345.975,344.5412965962383
723,31.821088881773754,31.821088881773754,13.797346068504627,344.625,344.625,344.8582904441969
724,6.038540674763663,6.038540674763663,17.10273842012925,342.1818181818182,342.1818181818182,345.2301270428175
725,31.057301296950392,31.057301296950392,20.643942267059398,343.625,343.625,344.75765573883194
726,-10.459538737030208,-10.459538737030208,21.504776960007224,344.9024390243902,344.9024390243902,344.3458430235494
727,7.8095647494523055,7.8095647494523055,17.32802657085588,341.0,341.0,344.54645247865665
728,31.99046111107547,31.99046111107547,16.448774487271553,349.675,349.675,344.4147740232049
729,28.025812015640465,28.025812015640465,19.15621851061219,345.8048780487805,345.8048780487805,344.71470457806373
730,28.35195549271143,28.35195549271143,18.76982588817229,344.55,344.55,345.08368363064096
731,9.487095795952893,9.487095795952893,20.423240857814374,344.4166666666667,344.4166666666667,345.4475625589178
732,25.969418461981125,25.969418461981125,19.83403560857238,344.95,344.95,345.54098679171483
733,-0.4804203794341359,-0.4804203794341359,21.81199197130472,344.75,344.75,345.6921428815424
734,32.608614909423316,32.608614909423316,18.181433342231326,345.875,345.875,345.83582679888764
735,29.565398963738094,29.565398963738094,13.630129574520081,346.4,346.4,345.75081402460637
736,-10.552957578042436,-10.552957578042436,10.508915650738551,346.66666666666663,346.66666666666663,346.19926209269977
737,19.682480277225565,19.682480277225565,10.799388675048048,346.82758620689657,346.82758620689657,346.5937942728557
738,-32.85846450719721,12.634101800530914,10.3787891459672,-100.0,346.78629203916563,346.77639678888056
739,-27.94834938955028,5.5857233238362625,6.63166200139228,-100.0,346.74499787143463,347.24113618492225
740,-1.4626551528583873,-1.4626551528583873,5.595898819929711,346.7037037037037,346.7037037037037,346.932446850121
741,-1.7526493706642003,-1.7526493706642003,3.3934964889932737,348.2142857142857,348.2142857142857,346.9420982257058
742,7.504564210667615,7.504564210667615,3.6441621849920915,344.95454545454544,344.95454545454544,346.88461443324604
743,21.56120650524672,21.56120650524672,4.568002709908604,348.175,348.175,346.7634067878287
744,-9.559398761131627,-9.559398761131627,4.301121827150682,346.7391304347826,346.7391304347826,346.3423781251322
745,-2.77489449722756,-2.77489449722756,5.2510463847782685,347.45,347.45,346.32327769559254
746,14.245782055153505,14.245782055153505,8.26036914448337,342.4666666666667,342.4666666666667,346.2409499168458
747,12.681177950175565,12.681177950175565,7.723244852310972,349.075,349.075,346.06572588193427
748,-2.110554027036712,-2.110554027036712,7.052100588649275,345.1162790697674,345.1162790697674,346.31749510772187
749,-24.078860517585856,9.15995549675899,6.050780390388791,-100.0,345.1717758985201,346.9061576211218
750,20.43046502055469,20.43046502055469,2.5349131648073344,345.22727272727275,345.22727272727275,346.6605883493686
751,-5.536138429728754,-5.536138429728754,1.5647115378615428,348.8292682926829,348.8292682926829,346.0369415094537
752,8.205888693760464,8.205888693760464,1.7257279675259287,345.725,345.725,345.11292434298457
753,-19.365072788115818,-19.365072788115818,-2.631609549923032,346.125,346.125,344.5041310028956
754,3.2947382250580977,3.2947382250580977,-2.24165148070714,347.375,347.375,343.4177420068786
755,-24.125104695220518,-7.083458872091377,-0.7390501353887498,-100.0,342.3413461538462,342.80343644396066
756,-17.46165596924085,-17.46165596924085,-1.5078736948727203,337.3076923076923,337.3076923076923,342.4749075592447
757,13.588718319381227,13.588718319381227,-1.0042847440458769,337.51851851851853,337.51851851851853,342.16090494306013
758,20.344287359338956,20.344287359338956,1.3239113327051881,342.0,342.0,341.95085244561074
759,-21.31128848966476,-21.31128848966476,1.4170702530202473,344.44444444444446,344.44444444444446,342.3086458602841
760,22.950624582861675,22.950624582861675,3.086539510214821,343.64285714285717,343.64285714285717,342.55992177032795
761,1.8127650238946815,1.8127650238946815,1.4933298282037322,343.30434782608694,343.30434782608694,343.1489362181218
762,-6.6547829015582,-6.6547829015582,1.7882574863824434,347.025,347.025,343.5296801538918
763,-0.29421567722875636,-0.29421567722875636,3.6738804296646235,342.85185185185185,342.85185185185185,343.54543046590805
764,-1.3556758120032708,-1.3556758120032708,2.3748032297652357,342.8666666666667,342.8666666666667,342.91147169994156
765,-25.141847640586995,0.9246585020862839,2.9829216031524197,-100.0,341.97777777777776,341.96436552207894
766,-42.30571024734499,3.2049928161758388,3.3777288673964563,-100.0,341.0888888888889,341.24118442075013
767,5.485327130265394,5.485327130265394,-1.3279845832108563,340.2,340.2,340.78275873203427
768,11.035900122643794,11.035900122643794,2.900936514404866,336.76,336.76,340.24185935521814
769,17.07515692516048,17.07515692516048,4.264419157426157,341.0,341.0,339.9607860411771
770,-11.648610257365315,-11.648610257365315,3.605965464272332,341.2307692307692,341.2307692307692,340.3988324438276
771,-25.970149037319548,-9.733708963839396,3.0283750183584717,-100.0,341.0192307692308,340.5219185520381
772,-7.818807670313476,-7.818807670313476,2.6446854369869754,340.8076923076923,340.8076923076923,340.49791792680446
773,-29.04920132250983,10.923345028305146,2.5373583865109945,-100.0,340.94230769230774,340.4426232612722
774,29.665497726923768,29.665497726923768,3.220723051148358,341.0769230769231,341.0769230769231,341.29650966856366
775,-10.46087981994197,-10.46087981994197,2.8186267667751252,342.675,342.675,341.5965538538906
776,-25.765153815458607,-3.443723213636665,1.8890977930766761,-100.0,341.2221153846154,341.65506959475357
777,3.573433392668641,3.573433392668641,3.6713116673520134,339.7692307692308,339.7692307692308,342.0512668322034
778,7.180930593393308,7.180930593393308,2.63897086767048,340.5925925925926,340.5925925925926,342.43912070497714
779,-26.770309798472777,3.254794667333101,-1.5973442313982575,-100.0,344.3212962962963,343.07450145437366
780,-0.6713412587271054,-0.6713412587271054,-3.9063682434910043,348.05,348.05,343.65736791232405
781,-13.261693490561134,-13.261693490561134,-2.705862668708433,340.4074074074074,340.4074074074074,343.76082256691603
782,-7.07558145196597,-7.07558145196597,0.15295412386755514,345.375,345.375,343.9055465806897
783,7.371015882776855,7.371015882776855,2.940931451185893,344.17241379310343,344.17241379310343,344.18950269299296
784,-3.414229459806753,-3.414229459806753,2.929131426988933,344.4146341463415,344.4146341463415,344.5417965572101
785,-6.03587460538392,-6.03587460538392,2.76565246895606,345.56666666666666,345.56666666666666,344.636372531056
786,26.09878386197341,26.09878386197341,3.081355284343669,343.0,343.0,344.28503615560567
787,13.686567994418098,13.686567994418098,5.23930961556074,341.7586206896552,341.7586206896552,344.53631183920595
788,-0.9840636053049882,-0.9840636053049882,3.663816082043869,345.725,345.725,344.8329820757893
789,16.01241334098164,16.01241334098164,4.592233691582881,345.64516129032256,345.64516129032256,344.24899047700274
790,-21.853232219915974,-21.853232219915974,4.94901792732534,346.5151515151515,346.5151515151515,344.3103758984351
791,-2.116840849180964,-2.116840849180964,5.975178175660437,344.2857142857143,344.2857142857143,344.38387296953607
792,5.659275176653526,5.659275176653526,5.013280087224329,342.741935483871,342.741935483871,344.47854322466696
793,11.766904779391657,11.766904779391657,-0.11551363505956808,345.06666666666666,345.06666666666666,344.4825019175174
794,-7.4596087635147725,-7.4596087635147725,1.0396067709487982,340.6896551724138,340.6896551724138,343.98983052884734
795,31.4144307661239,31.4144307661239,1.043653874752674,344.0487804878049,344.0487804878049,342.9089909524958
796,-5.5791162218175305,-5.5791162218175305,-3.911457932223213,345.55,345.55,342.45610508495275
797,-22.568626623250942,-10.833464359412847,-4.708042131098411,-100.0,343.60322580645163,342.3260830502344
798,-24.56368997111799,-16.087812497008162,-7.838059496165512,-100.0,341.6564516129032,342.44192878479555
799,-21.342160634603477,-21.342160634603477,-6.684644543780971,339.7096774193548,339.7096774193548,342.14524825099596
800,7.159335383521147,7.159335383521147,-7.745599470182271,340.0967741935484,340.0967741935484,341.84274422321096
801,-21.023702173145573,-21.023702173145573,-7.618845808101857,341.1212121212121,341.1212121212121,341.8744664983026
802,-21.417178625835025,-21.417178625835025,-7.824443292868883,344.8,344.8,341.54853781434304
803,19.89456969888787,19.89456969888787,-1.9331848030857375,343.4193548387097,343.4193548387097,341.62612408192797
804,17.095054248093994,17.095054248093994,2.4799142495577273,341.20588235294116,341.20588235294116,342.22348981966627
805,12.162944118901672,12.162944118901672,6.819848479187785,340.3103448275862,340.3103448275862,342.8832127890383
806,-19.032219202998487,-19.032219202998487,9.30024594920851,343.43333333333334,343.43333333333334,343.2683480185071
807,9.514863452965415,9.514863452965415,11.001458374594154,343.1081081081081,343.1081081081081,343.15922976584517
808,21.024880587229138,21.024880587229138,15.445239656774561,343.7096774193548,343.7096774193548,342.822652659574
809,-23.503083025613588,20.12830609908074,15.775483697858856,-100.0,343.9548387096774,342.6246109142076
810,19.23173161093234,19.23173161093234,12.651831189859083,344.2,344.2,342.84382952958214
811,-26.04802525175096,14.909364332927304,15.70734509194352,-100.0,342.6,342.9584088859822
812,10.586997054922268,10.586997054922268,16.767579625288306,341.0,341.0,342.9045900734543
813,19.61697233621347,19.61697233621347,15.490241048390658,341.0967741935484,341.0967741935484,342.6226117318513
814,-24.50725294789585,12.3948391867153,9.54892680256528,-100.0,342.5983870967742,342.9096930123834
815,5.172706037217132,5.172706037217132,6.504034670793127,344.1,344.1,342.7934978509904
816,4.605471731774417,4.605471731774417,5.555287188941291,342.969696969697,342.969696969697,342.55229661262206
817,18.273336856175465,18.273336856175465,5.435366849934363,342.7586206896552,342.7586206896552,342.53242066971967
818,-15.045479857610003,-15.045479857610003,4.928148695202023,343.61290322580646,343.61290322580646,342.74503100551266
819,-6.9205838235552015,-6.9205838235552015,7.807400168081212,343.20588235294116,343.20588235294116,342.6410550606817
820,10.069793274944207,10.069793274944207,6.296734257119324,343.45454545454544,343.45454545454544,342.6382420689155
821,20.36439114268139,20.36439114268139,8.169451174466108,339.26666666666665,339.26666666666665,342.59030374070437
822,-23.39281556758137,15.592521983498845,7.128985924870441,-100.0,341.6,342.55601686549284
823,10.820652824316296,10.820652824316296,6.670856016345416,343.93333333333334,343.93333333333334,342.8213916343429
824,7.45366447089634,7.45366447089634,7.663724688766576,343.45454545454544,343.45454545454544,343.08192588833555
825,18.840487430097113,18.840487430097113,12.58687101047348,342.65714285714284,342.65714285714284,343.3336274164148
826,-19.817282490164736,-19.817282490164736,10.641235944614527,345.6857142857143,345.6857142857143,343.6120613791398
827,14.81550946157323,14.81550946157323,6.470548597283121,343.7741935483871,343.7741935483871,343.86414039908857
828,-5.8797959762995955,-5.8797959762995955,4.417213067750085,343.53125,343.53125,344.29674402934563
829,22.79925308868907,22.79925308868907,4.624159821122641,344.7586206896552,344.7586206896552,344.29372894956356
830,21.25622149069815,21.25622149069815,4.766942853973946,344.28125,344.28125,344.4161890168655
831,9.97093518093194,9.97093518093194,6.044528352200358,343.9166666666667,343.9166666666667,344.6874020950286
832,-20.599310595261876,-20.599310595261876,6.586647430155576,343.8529411764706,343.8529411764706,344.7398327897289
833,-26.762875613111174,-1.6176866264768535,10.082838811302981,-100.0,344.97058823529414,344.7026518760117
834,17.36393734230817,17.36393734230817,7.93945146535218,346.0882352941176,346.0882352941176,345.0485824396149
835,15.16871338442842,15.16871338442842,9.478328521583222,345.875,345.875,345.24167699725376
836,11.387013762465735,11.387013762465735,9.380409248379912,345.4117647058824,345.4117647058824,345.24596588686995
837,18.394859280287296,18.394859280287296,11.838284445595406,344.53125,344.53125,345.31682349867185
838,10.20805375342394,10.20805375342394,15.942944801976187,344.3421052631579,344.3421052631579,345.3455894202187
839,18.890726062154286,18.890726062154286,17.86692004092768,345.8529411764706,345.8529411764706,345.21953947971565
840,7.890046090623761,7.890046090623761,18.336515953337255,345.59375,345.59375,344.68181254809565
841,22.243556059901792,22.243556059901792,16.0224974331449,344.75,344.75,344.5447505395
842,19.537981756578596,19.537981756578596,14.545491178643617,344.02941176470586,344.02941176470586,344.467669017258
843,13.751379357184659,13.751379357184659,14.647277783113186,344.52777777777777,344.52777777777777,344.612895002676
844,17.439245726639847,17.439245726639847,12.72258331915868,344.4102564102564,344.4102564102564,344.6859425837421
845,6.53218489998019,6.53218489998019,13.615538800609977,343.6,343.6,344.5028753782112
846,20.654266621958346,20.654266621958346,9.113410081134814,343.45714285714286,343.45714285714286,344.56333318641833
847,-11.983143396939441,-11.983143396939441,7.898408308923629,347.1142857142857,347.1142857142857,344.94546055580116
848,9.526946668303301,9.526946668303301,4.993921181744784,344.61764705882354,344.61764705882354,344.90464539242475
849,17.250366451373512,17.250366451373512,4.059383242947823,345.6666666666667,345.6666666666667,344.8846709375422
850,-1.3814868175483526,-1.3814868175483526,4.23356418168909,343.9428571428571,343.9428571428571,344.67212301404135
851,10.045225595277735,10.045225595277735,5.119338925228863,344.2857142857143,344.2857142857143,344.5069123471272
852,-18.466145618926564,-18.466145618926564,7.190600102804854,346.44444444444446,346.44444444444446,344.3417405389157
853,23.61396064922494,23.61396064922494,7.82872238317705,343.8648648648649,343.8648648648649,344.1536205234787
854,6.657211490889855,6.657211490889855,11.07719666795467,340.9117647058824,340.9117647058824,343.68968222971074
855,15.205373577148498,15.205373577148498,10.825904462061366,344.28205128205127,344.28205128205127,343.96383021538645
856,18.348712256764102,18.348712256764102,13.408011462543026,343.3783783783784,343.3783783783784,343.65271522746605
857,17.553995634746997,17.553995634746997,16.503936376206376,344.2352941176471,344.2352941176471,343.496609677586
858,13.230355275503715,13.230355275503715,17.068928918415494,344.18918918918916,344.18918918918916,343.23905474105237
859,11.12318158607159,11.12318158607159,16.527390041848363,344.0833333333333,344.0833333333333,343.06100151763957
860,19.814337671280953,19.814337671280953,12.911315305121704,342.7714285714286,342.7714285714286,343.38242799438456
861,16.484814017280605,16.484814017280605,13.475349350500466,344.4166666666667,344.4166666666667,343.6762993795466
862,18.90676577161903,18.90676577161903,12.727641716980397,340.4736842105263,340.4736842105263,343.82572646967805
863,4.807704142756105,4.807704142756105,12.334131520029839,343.7837837837838,343.7837837837838,344.00432381214915
864,-25.126298031011952,4.2573134599202325,12.699166993286141,-100.0,344.4507154213037,344.13050124613096
865,3.7069227770843605,3.7069227770843605,12.552975143859133,345.11764705882354,345.11764705882354,344.4224850034244
866,22.8417257387372,22.8417257387372,13.225012326953243,346.1081081081081,346.1081081081081,344.6647564896111
867,-23.725018886474608,19.26200003941814,13.284393026369674,-100.0,345.75918225918224,344.91928974953714
868,15.68227434009908,15.68227434009908,13.664803274158821,345.4102564102564,345.4102564102564,344.881083810059
869,12.137180498612237,12.137180498612237,15.6591206175408,342.97058823529414,342.97058823529414,345.08843154703163
870,14.604276179772473,14.604276179772473,15.433591281417693,345.02564102564105,345.02564102564105,344.98507587183326
871,11.409994003811097,11.409994003811097,13.51839811727459,344.97435897435895,344.97435897435895,344.8247370476541
872,19.320110754739808,19.320110754739808,10.95866252180381,344.1621621621622,344.1621621621622,344.7130963177759
873,8.089448713001277,8.089448713001277,8.29084841776325,344.6842105263158,344.6842105263158,344.8264752752851
874,7.180380022957005,7.180380022957005,7.854177263018569,344.60526315789474,344.60526315789474,344.9191182035714
875,11.830686041565126,11.830686041565126,7.819944587250093,346.2368421052632,346.2368421052632,344.94988666684645
876,-11.561924807696514,-11.561924807696514,8.08201571977721,345.90625,345.90625,345.0143739037698
877,8.540092028479473,8.540092028479473,7.805967616723008,343.56756756756755,343.56756756756755,344.80547543429566
878,11.711304803106085,11.711304803106085,8.519860970670225,345.425,345.425,344.88312164478
879,15.260246304987977,15.260246304987977,8.042771519699471,345.35897435897436,345.35897435897436,344.97631658236884
880,12.681871759822382,12.681871759822382,9.277811770860918,343.2564102564103,343.2564102564103,344.689135467427
881,-24.431498734910054,11.418728429243217,9.652016438347637,-100.0,344.12820512820514,344.6255452544335
882,10.155585098664053,10.155585098664053,9.929892273886395,345.0,345.0,344.7455646885702
883,6.906900527921351,6.906900527921351,11.161011204148911,345.11764705882354,345.11764705882354,344.6482729156654
884,10.106409618710224,10.106409618710224,9.776847454336536,345.3,345.3,344.3561542650162
885,3.3795954294703248,3.3795954294703248,10.637116596009076,343.8974358974359,343.8974358974359,344.0384669013722
886,13.787376325850301,13.787376325850301,12.700219045215514,342.97435897435895,342.97435897435895,343.78131801354414
887,11.48069948293247,11.48069948293247,13.94929152937981,345.4871794871795,345.4871794871795,343.54341168239677
888,14.471966118956123,14.471966118956123,14.16401209361992,343.5263157894737,343.5263157894737,343.0744705783033
889,18.13815573783856,18.13815573783856,13.68236670678412,339.71794871794873,339.71794871794873,342.6595062290636
890,-27.458368621720627,19.08657181781873,12.705086591683294,-100.0,341.83333333333337,342.3801915689242
891,20.034987897798903,20.034987897798903,11.294573744219916,343.94871794871796,343.94871794871796,342.15010263432873
892,11.821975702744853,11.821975702744853,10.628392766261324,341.69444444444446,341.69444444444446,342.27561421635795
893,-3.834484823202783,-3.834484823202783,8.48027553036928,342.275,342.275,342.40908580806064
894,-37.53213132353692,-0.18978219042486444,7.8606080240782905,-100.0,342.41570945945944,342.1760319702908
895,-26.044771692463137,3.454920442353054,7.713515978538156,-100.0,342.5564189189189,342.6723623213336
896,-31.82858457578191,7.099623075130974,6.954244090652692,-100.0,342.69712837837835,343.0116828784947
897,10.744325707908892,10.744325707908892,6.103362778894811,342.8378378378378,342.8378378378378,342.8272616359852
898,11.824765858061268,11.824765858061268,5.2906719206277355,343.97435897435895,343.97435897435895,342.6685255025319
899,6.156074730075841,6.156074730075841,4.846397182204896,342.25,342.25,342.68589796113736
900,10.687556872237177,10.687556872237177,3.840841727463487,341.25,341.25,342.443916661181
901,3.1342571415223857,3.1342571415223857,0.886040565376818,344.525,344.525,342.1876798352496
902,-10.290243714383857,-10.290243714383857,-2.3497700934209416,341.0769230769231,341.0769230769231,341.9065322645149
