2752,4896,1296,3072,0,200,0,1296,2442,3749,796,1295,410,662,630,207.75247993565162,-0.012375793429933205
2752,4896,1290,3091,0,200,0,1290,2461,3769,361,1289,418,673,630,209.02352195982743,-0.01312437924801393
2752,4896,1283,3098,0,200,0,1283,2468,3777,770,1282,420,664,630,210.33146542145323,-0.014577193076150217
2752,4896,1283,3097,0,200,0,1283,2469,3775,794,1282,417,661,628,210.43483317235302,-0.01502947191930912
2752,4896,1283,3098,0,200,0,1283,2468,3777,761,1282,415,663,630,209.06118210358687,-0.013989825304956518
2752,4896,1283,3099,0,200,0,1283,2468,3776,759,1282,412,664,631,208.58395644382927,-0.013735247555779165
2752,4896,1283,3098,0,200,0,1283,2469,3777,631,1282,412,668,629,210.74601500368922,-0.014391973243226504
2752,4896,1284,3098,0,200,0,1284,2468,3775,716,1283,409,666,630,210.66943564619916,-0.01461874240653205
2752,4896,1285,3098,0,200,0,1285,2469,3777,751,1284,404,665,629,210.7302127161993,-0.01425890400287225
2752,4896,1285,3099,0,200,0,1285,2472,3777,923,1284,405,659,627,209.63083044034207,-0.013978878606131886
2752,4896,1285,3099,0,200,0,1285,2473,3781,804,1284,401,660,626,209.6101166402783,-0.013964368287036228
2752,4896,1285,3099,0,200,0,1285,2470,3776,880,1284,401,661,629,210.69686229268282,-0.01479856160932565
2752,4896,1284,3099,0,200,0,1284,2471,3776,763,1283,399,663,628,210.7513958659182,-0.014746567308614029
2752,4896,1285,3100,0,200,0,1285,2472,3778,816,1284,398,661,628,210.5105270353516,-0.014926954519129112
2752,4896,1285,3100,0,200,0,1285,2473,3777,742,1284,396,661,627,209.40099154153592,-0.014219662665840056
2752,4896,1286,3102,0,200,0,1286,2472,3784,762,1285,394,664,630,210.2904600791234,-0.014458467745807883
2752,4896,1285,3101,0,200,0,1285,2473,3782,817,1284,392,661,628,210.40039749051292,-0.014384714435165199
2752,4896,1286,3102,0,200,0,1286,2474,3781,754,1285,392,662,628,209.66868374921413,-0.014487846111359377
2752,4896,1286,3102,0,200,0,1286,2475,3782,714,1285,390,663,627,210.40417423067993,-0.01438060068972074
2752,4896,1285,3102,0,200,0,1285,2478,3782,465,1284,385,666,624,210.24647847599795,-0.014747203353838721
2752,4896,1286,3103,0,200,0,1286,2477,3782,701,1285,384,661,626,208.9766607192481,-0.014417878572219154
2752,4896,1287,3103,0,200,0,1287,2478,3781,749,1286,384,659,625,208.61359494315292,-0.014044086999422273
2752,4896,1286,3102,0,200,0,1286,2477,3784,818,1285,380,657,625,209.35825991001303,-0.01384707158390719
2752,4896,1287,3103,0,200,0,1287,2478,3783,786,1286,380,658,625,209.60266878048603,-0.014422456768643215
2752,4896,1286,3103,0,200,0,1286,2478,3782,820,1285,381,657,625,208.71374770193825,-0.013663034898857205
2752,4896,1285,3103,0,200,0,1285,2475,3782,704,1284,383,663,628,209.3673960119097,-0.014473395695193604
2752,4896,1286,3103,0,200,0,1286,2478,3784,701,1285,385,660,625,209.8886645832957,-0.014252045025648672
2752,4896,1285,3103,0,200,0,1285,2479,3781,612,1284,377,662,624,209.17033377134692,-0.014367965767615967
2752,4896,1284,3102,0,200,0,1284,2480,3783,644,1283,375,661,622,210.26398575736127,-0.014689943818909213
2752,4896,1280,3102,0,200,0,1280,2474,3782,692,1279,380,664,628,210.2222996252235,-0.014386756372857178
2752,4896,1280,3102,0,200,0,1280,2478,3782,817,1279,374,656,624,209.11079368128446,-0.013636615238739314
2752,4896,1283,3102,0,200,0,1283,2474,3782,746,1282,379,661,628,209.48138444021058,-0.014121899196789599
2752,4896,1285,3102,0,200,0,1285,2474,3782,707,1284,379,663,628,210.35201945598874,-0.014374247524808783
2752,4896,1283,3101,0,200,0,1283,2475,3782,708,1282,376,663,626,210.6094964309549,-0.014492198310365936
2752,4896,1284,3102,0,200,0,1284,2475,3783,847,1283,379,660,627,210.39935759652474,-0.014590755181864123
2752,4896,1282,3102,0,200,0,1282,2475,3784,821,1281,377,660,627,209.82696736472258,-0.013964191933865302
2752,4896,1280,3102,0,200,0,1280,2475,3782,715,1279,376,662,627,209.86212975764622,-0.014110627534559326
2752,4896,1278,3102,0,200,0,1278,2475,3782,811,1277,374,661,627,209.71553577706283,-0.013768821484261702
2752,4896,1279,3102,0,200,0,1279,2475,3782,695,1278,375,663,627,209.73489749163255,-0.01416997422962824
2752,4896,1281,3102,0,200,0,1281,2475,3783,703,1280,374,663,627,209.3838039280768,-0.013691060668563036
2752,4896,1279,3102,0,200,0,1279,2475,3784,813,1278,374,660,627,209.6345456817678,-0.013840882047498183
2752,4896,1280,3102,0,200,0,1280,2474,3782,364,1279,377,671,628,209.30183405833276,-0.014068261166554753
2752,4896,1280,3102,0,200,0,1280,2471,3784,680,1279,378,667,631,209.61384162072284,-0.01368227390199687
2752,4896,1283,3102,0,200,0,1283,2474,3782,800,1282,374,661,628,209.48709765379334,-0.013779662226307386
2752,4896,1280,3102,0,200,0,1280,2475,3784,691,1279,372,663,627,209.82615411840803,-0.013826429955990933
2752,4896,1276,3102,0,200,0,1276,2475,3785,629,1275,372,666,627,209.22253492577372,-0.01393573262054472
2752,4896,1277,3102,0,200,0,1277,2474,3781,710,1276,370,664,628,209.00737318461034,-0.01385660687754906
2752,4896,1278,3102,0,200,0,1278,2475,3783,810,1277,369,661,627,209.62221639857876,-0.014352660371833454
2752,4896,1278,3102,0,200,0,1278,2476,3783,743,1277,370,660,626,208.92575745908462,-0.013353318640889393
2752,4896,1280,3102,0,200,0,1280,2476,3782,791,1279,366,659,626,209.50120106769452,-0.013906471752798764
2752,4896,1280,3103,0,200,0,1280,2472,3782,641,1279,373,668,631,209.44843978282006,-0.014236631118549808
2752,4896,1281,3102,0,200,0,1281,2476,3782,714,1280,365,661,626,209.72688333732273,-0.013899690873083962
2752,4896,1278,3103,0,200,0,1278,2476,3784,810,1277,366,659,627,208.99121111504505,-0.014087990488688616
2752,4896,1279,3102,0,200,0,1279,2474,3782,814,1278,365,661,628,209.87768609657005,-0.013957986297782408
2752,4896,1278,3102,0,200,0,1278,2475,3783,811,1277,366,661,627,209.63021516164878,-0.013355772673628408
2752,4896,1280,3103,0,200,0,1280,2477,3785,817,1279,361,658,626,208.7375061789385,-0.014184230276649333
2752,4896,1279,3102,0,200,0,1279,2474,3785,715,1278,364,663,628,209.49282650841386,-0.013950768473794199
2752,4896,1279,3103,0,200,0,1279,2472,3785,777,1278,366,664,631,208.5564176387835,-0.01346725005332119
2752,4896,1276,3103,0,200,0,1276,2473,3785,893,1275,369,659,630,209.41055991833645,-0.013585730640981314
2752,4896,1278,3103,0,200,0,1278,2474,3781,756,1277,360,662,629,208.90864853386068,-0.013993813173813253
2752,4896,1281,3103,0,200,0,1281,2476,3781,695,1280,358,663,627,208.06687073288205,-0.0129712140165951
2752,4896,1278,3102,0,200,0,1278,2475,3783,681,1277,360,665,627,209.69829847834782,-0.013871912153503996
2752,4896,1278,3103,0,200,0,1278,2472,3782,758,1277,366,665,631,208.86364076168286,-0.013859033933178002
2752,4896,1278,3102,0,200,0,1278,2475,3781,689,1277,359,666,627,209.81454128104528,-0.014092335749290572
2752,4896,1279,3102,0,200,0,1279,2474,3783,771,1278,357,661,628,209.548541247172,-0.013711074721590031
2752,4896,1277,3103,0,200,0,1277,2473,3783,187,1276,360,676,630,208.64527987753607,-0.013325626892353157
2752,4896,1278,3102,0,200,0,1278,2473,3784,643,1277,365,669,629,209.37322412877924,-0.013568111421533628
2752,4896,1277,3102,0,200,0,1277,2472,3785,636,1276,359,670,630,209.89294185732317,-0.013915135356624007
2752,4896,1278,3102,0,200,0,1278,2471,3783,817,1277,360,664,631,209.29030522611538,-0.013409136269983848
2752,4896,1279,3102,0,200,0,1279,2476,3783,743,1278,355,661,626,209.76001781333204,-0.013726186527063384
2752,4896,1276,3102,0,200,0,1276,2473,3781,750,1275,358,663,629,209.87446564759364,-0.014317103400119617
2752,4896,1278,3102,0,200,0,1278,2474,3783,622,1277,355,668,628,209.80721123113292,-0.014094967304091703
2752,4896,1281,3102,0,200,0,1281,2473,3782,817,1280,355,661,629,209.4078448672929,-0.01400997974398298
2752,4896,1275,3104,0,200,0,1275,2475,3783,780,1274,354,661,629,208.11436520635485,-0.013315915604859297
2752,4896,1275,3103,0,200,0,1275,2475,3782,785,1274,352,661,628,209.31299031660063,-0.013925029704173355
2752,4896,1278,3103,0,200,0,1278,2474,3783,738,1277,352,663,629,208.29988236757458,-0.013798937433651227
2752,4896,1281,3102,0,200,0,1281,2473,3783,624,1280,354,669,629,209.61949976445396,-0.01384837040805961
2752,4896,1274,3103,0,200,0,1274,2472,3786,330,1273,355,675,631,208.60586025440298,-0.012776515440420485
2752,4896,1275,3102,0,200,0,1275,2473,3785,723,1274,353,664,629,209.42905792313636,-0.01386682513346654
2752,4896,1275,3102,0,200,0,1275,2471,3783,725,1274,360,665,631,209.24950200351444,-0.013360722580999794
2752,4896,1274,3103,0,200,0,1274,2472,3786,659,1273,362,670,631,209.38698857085922,-0.013687292260469004
2752,4896,1279,3102,0,200,0,1279,2472,3782,757,1278,353,664,630,209.04453663180544,-0.013379885927376288
2752,4896,1281,3102,0,200,0,1281,2472,3783,682,1280,353,666,630,209.1013513674541,-0.013718441990427196
2752,4896,1276,3102,0,200,0,1276,2471,3784,688,1275,354,666,631,208.95975027381624,-0.013393023958691241
2752,4896,1275,3102,0,200,0,1275,2476,3782,687,1274,347,662,626,209.3001575649758,-0.01390000781132931
2752,4896,1275,3102,0,200,0,1275,2474,3785,682,1274,350,664,628,209.31431697190894,-0.013764149843474209
2752,4896,1274,3103,0,200,0,1274,2474,3786,709,1273,350,664,629,209.23012946879373,-0.014233879807684568
2752,4896,1278,3102,0,200,0,1278,2472,3780,632,1277,351,668,630,208.33715253294645,-0.013419933584094093
2752,4896,1276,3102,0,200,0,1276,2476,3782,689,1275,347,661,626,208.99104980465555,-0.013902414185451316
2752,4896,1275,3101,0,200,0,1275,2472,3782,752,1274,351,664,629,209.98702470336895,-0.013669788591644836
2752,4896,1275,3102,0,200,0,1275,2472,3781,815,1274,350,662,630,208.74578540287533,-0.013758048964649652
2752,4896,1274,3103,0,200,0,1274,2475,3782,734,1273,348,663,628,208.61571080216478,-0.013347419659551765
2752,4896,1275,3102,0,200,0,1275,2475,3782,665,1274,347,664,627,208.9581945855063,-0.013722626846794853
2752,4896,1274,3102,0,200,0,1274,2472,3783,712,1273,349,664,630,209.027062053916,-0.013512388446861843
2752,4896,1276,3102,0,200,0,1276,2473,3781,894,1275,358,660,629,209.15435322748863,-0.013854144588042086
2752,4896,1276,3102,0,200,0,1276,2473,3784,814,1275,348,661,629,208.65788615010433,-0.013330519814853965
2752,4896,1279,3102,0,200,0,1279,2473,3782,745,1278,346,663,629,208.48764859881888,-0.013642171851364527
2752,4896,1277,3103,0,200,0,1277,2472,3780,781,1276,345,665,631,207.85648817920406,-0.012828997334847169
2752,4896,1273,3102,0,200,0,1273,2475,3786,811,1272,345,661,627,209.19084189896319,-0.013063434403022513
2752,4896,1276,3103,0,200,0,1276,2476,3783,775,1275,342,659,627,208.18809554573645,-0.013774416194604136
2752,4896,1273,3103,0,200,0,1273,2472,3787,737,1272,345,665,631,208.71380656574163,-0.013503993283512391
2752,4896,1276,3102,0,200,0,1276,2477,3781,744,1275,335,659,625,209.0128229456433,-0.013590973684116882
2752,4896,1276,3102,0,200,0,1276,2476,3783,814,1275,337,658,626,209.28023481027742,-0.013832678719658813
2752,4896,1278,3103,0,200,0,1278,2481,3785,739,1277,333,655,622,208.21831238759492,-0.013527859748841927
2752,4896,1280,3102,0,200,0,1280,2471,3780,817,1279,341,664,631,208.9130676989862,-0.013383189282753177
2752,4896,1274,3103,0,200,0,1274,2475,3784,810,1273,337,661,628,208.71920103672272,-0.013406163237940322
2752,4896,1274,3102,0,200,0,1274,2471,3785,765,1273,340,666,631,209.86497879838856,-0.013709360109174031
2752,4896,1274,3102,0,200,0,1274,2475,3782,812,1273,335,660,627,209.6920746370681,-0.013658275560264003
2752,4896,1279,3102,0,200,0,1279,2472,3782,694,1278,336,666,630,209.207483557988,-0.013507683991146139
2752,4896,1277,3103,0,200,0,1277,2475,3784,721,1276,332,662,628,208.44691076236313,-0.013570569337843248
2752,4896,1279,3102,0,200,0,1279,2473,3781,543,1278,333,668,629,208.86710574542482,-0.01329461173998339
2752,4896,1278,3102,0,200,0,1278,2473,3783,817,1277,331,662,629,209.01883620694082,-0.013435812283014534
2752,4896,1280,3102,0,200,0,1280,2472,3782,686,1279,332,666,630,209.441144391409,-0.01377521117390325
2752,4896,1275,3103,0,200,0,1275,2471,3783,816,1274,334,664,632,208.78106803961288,-0.013584470783827251
2752,4896,1273,3103,0,200,0,1273,2474,3783,810,1272,328,661,629,208.50127982986396,-0.013186573103173083
2752,4896,1277,3102,0,200,0,1277,2473,3783,796,1276,328,662,629,208.96739855060545,-0.013177170255457364
2752,4896,1276,3102,0,200,0,1276,2475,3785,664,1275,325,664,627,208.8322175824159,-0.013019371854219787
2752,4896,1276,3102,0,200,0,1276,2473,3784,534,1275,325,669,629,208.8529613840484,-0.013524682206404008
2752,4896,1277,3102,0,200,0,1277,2472,3783,617,1276,326,668,630,208.42030651120223,-0.013013285383146974
2752,4896,1275,3102,0,200,0,1275,2475,3782,690,1274,322,663,627,208.7727115393986,-0.013283576531580965
2752,4896,1276,3103,0,200,0,1276,2472,3780,814,1275,326,661,631,207.2203453384889,-0.012980732809518116
2752,4896,1273,3103,0,200,0,1273,2472,3787,807,1272,324,663,631,208.7220643734798,-0.013480621534937877
2752,4896,1272,3102,0,200,0,1272,2471,3783,743,1271,325,666,631,209.09752310110534,-0.012872221813374633
2752,4896,1276,3102,0,200,0,1276,2475,3782,813,1275,320,660,627,208.80185837520148,-0.013562231310063042
2752,4896,1277,3102,0,200,0,1277,2472,3782,737,1276,324,664,630,208.4584781926939,-0.013462533190338874
2752,4896,1276,3102,0,200,0,1276,2471,3780,804,1275,324,663,631,207.7019320737366,-0.012679192873970398
2752,4896,1276,3102,0,200,0,1276,2472,3781,692,1275,325,666,630,209.25951326271868,-0.014005881143678883
2752,4896,1277,3102,0,200,0,1277,2474,3785,813,1276,323,660,628,208.79185226663975,-0.013853021200329203
2752,4896,1276,3102,0,200,0,1276,2472,3780,664,1275,326,666,630,208.42336558707655,-0.013430392135189066
2752,4896,1277,3102,0,200,0,1277,2474,3783,671,1276,326,664,628,209.04885744634055,-0.014015302469042012
2752,4896,1274,3103,0,200,0,1274,2472,3783,697,1273,332,665,631,208.55565607883807,-0.013480825521989044
2752,4896,1274,3103,0,200,0,1274,2473,3784,731,1273,333,663,630,208.12494178922938,-0.013218323443441633
2752,4896,1278,3102,0,200,0,1278,2475,3783,400,1277,335,668,627,208.51212768675146,-0.013244804726878797
2752,4896,1273,3102,0,200,0,1273,2474,3784,683,1272,334,666,628,209.37701914988227,-0.013504604971103187
2752,4896,1275,3101,0,200,0,1275,2473,3780,636,1274,342,667,628,209.1013127330288,-0.013182908059731905
2752,4896,1272,3102,0,200,0,1272,2472,3785,732,1271,346,665,630,208.6263850442557,-0.012716000982441182
2752,4896,1275,3102,0,200,0,1275,2476,3781,829,1274,348,657,626,208.46309876466964,-0.013734980298161236
2752,4896,1277,3102,0,200,0,1277,2473,3779,833,1276,356,661,629,208.75350549600503,-0.014220117952444088
2752,4896,1278,3102,0,200,0,1278,2477,3781,703,1277,356,659,625,208.70000610023908,-0.014723420338451145
2752,4896,1275,3101,0,200,0,1275,2475,3780,694,1274,365,663,626,210.52642588916535,-0.0158363203912504
2752,4896,1275,3102,0,200,0,1275,2471,3780,764,1274,373,698,631,210.30114442321496,-0.017127140446355733
2752,4896,1277,3102,0,200,0,1277,2473,3779,838,1276,373,688,629,211.07911099142984,-0.0180619793684634
2752,4896,1277,3102,0,200,0,1277,2471,3779,853,1276,381,681,631,211.48339587755015,-0.019489338105657682
2752,4896,1275,3102,0,200,0,1275,2473,3783,840,1274,384,672,629,208.73065965078806,-0.014623390907301524
2752,4896,1277,3102,0,200,0,1277,2472,3785,762,1276,388,664,630,205.55136603936225,-0.008885358934442414
2752,4896,1271,3103,0,200,0,1271,2475,3783,698,1270,392,664,628,204.89706821066397,-0.008000136648861924
2752,4896,1272,3102,0,200,0,1272,2473,3782,788,1271,400,663,629,205.22899367924308,-0.00834720179899946
2752,4896,1277,3102,0,200,0,1277,2471,3783,850,1276,406,663,631,205.31661156350768,-0.008046564970720076
2752,4896,1275,3102,0,200,0,1275,2472,3787,832,1274,409,662,630,206.34502525329475,-0.009675131696155954
2752,4896,1275,3102,0,200,0,1275,2474,3782,750,1274,413,662,628,207.09349350789148,-0.011369159875533967
2752,4896,1277,3102,0,200,0,1277,2471,3782,776,1276,419,664,631,207.6619526371764,-0.012546358791395143
2752,4896,1276,3102,0,200,0,1276,2477,3780,821,1275,416,658,625,207.96743524650012,-0.012922706005346653
2752,4896,1276,3102,0,200,0,1276,2472,3784,871,1275,423,660,630,208.01766098524408,-0.012865889220461344
2752,4896,1274,3103,0,200,0,1274,2472,3782,694,1273,429,665,631,207.91245437842605,-0.012976219655243601
2752,4896,1276,3102,0,200,0,1276,2471,3784,733,1275,430,665,631,208.76389194132753,-0.012885620240935721
2752,4896,1273,3103,0,200,0,1273,2476,3785,847,1272,428,658,627,208.22453730521153,-0.012791575087681908
2752,4896,1273,3103,0,200,0,1273,2471,3784,761,1272,435,665,632,207.54532859912354,-0.012410123597546528
2752,4896,1277,3102,0,200,0,1277,2473,3780,739,1276,433,663,629,208.1635017512107,-0.012561751787082291
2752,4896,1275,3102,0,200,0,1275,2470,3788,695,1274,443,668,632,208.36080602611125,-0.012186160276783415
2752,4896,1278,3102,0,200,0,1278,2473,3780,832,1277,442,661,629,208.30336900549608,-0.013170065584162763
2752,4896,1276,3102,0,200,0,1276,2472,3783,851,1275,445,661,630,208.11355700829728,-0.012969797381133352
2752,4896,1277,3102,0,200,0,1277,2473,3782,845,1276,450,664,629,207.58743982725883,-0.012474866897372252
2752,4896,1277,3102,0,200,0,1277,2473,3781,766,1276,453,673,629,207.7420880023654,-0.012377954188533415
2752,4896,1276,3111,0,200,0,1276,2473,3781,843,1275,459,687,638,198.33410593651843,-0.011902417431614394
2752,4896,1277,3102,0,200,0,1277,2471,3785,796,1276,463,697,631,208.34605151616447,-0.012750389608557835
2752,4896,1278,3102,0,200,0,1278,2472,3786,770,1277,468,709,630,207.46781072066136,-0.012235552538083883
2752,4896,1277,3102,0,200,0,1277,2473,3785,795,1276,474,721,629,207.33212451329496,-0.012009064584791927
2752,4896,1274,3102,0,200,0,1274,2473,3789,838,1273,478,732,629,208.52007234141504,-0.013187769112556983
2752,4896,1275,3102,0,200,0,1275,2471,3785,792,1274,484,743,631,207.60609520447224,-0.012535087735058684
2752,4896,1274,3102,0,200,0,1274,2472,3786,857,1273,488,756,630,207.98461989566445,-0.012104975165412046
2752,4896,1276,3101,0,200,0,1276,2472,3783,904,1275,491,758,629,208.91067933923986,-0.013189313611331447
2752,4896,1274,3102,0,200,0,1274,2475,3783,815,1273,492,765,627,208.33451693705968,-0.01289746964606254
2752,4896,1275,3101,0,200,0,1275,2474,3786,795,1274,493,767,627,208.1501827935762,-0.012307339527283245
2752,4896,1273,3101,0,200,0,1273,2474,3784,775,1272,498,775,627,208.09673470961783,-0.01228268316947861
2752,4896,1274,3101,0,200,0,1274,2472,3780,701,1273,504,781,629,208.0377379342359,-0.01226945198539168
2752,4896,1274,3102,0,200,0,1274,2475,3784,793,1273,506,784,627,207.76576432429798,-0.012520186647616767
2752,4896,1276,3101,0,200,0,1276,2474,3787,770,1275,510,790,627,208.5765847608315,-0.012724294166540896
2752,4896,1277,3102,0,200,0,1277,2477,3784,876,1276,511,790,625,208.082388399967,-0.013061858098250128
2752,4896,1273,3112,0,200,0,1273,2482,3789,209,1272,511,788,630,199.07106326559392,-0.010429972986792326
2752,4896,1278,3101,0,200,0,1278,2473,3782,844,1277,523,800,628,209.5042409014968,-0.013141524909249629
2752,4896,1274,3102,0,200,0,1274,2472,3785,786,1273,530,803,630,208.8212968266918,-0.012738155659105714
2752,4896,1275,3103,0,200,0,1275,2473,3784,877,1274,534,804,630,207.6114865104516,-0.012927079635249089
2752,4896,1278,3102,0,200,0,1278,2472,3782,790,1277,537,805,630,208.00312370742418,-0.0127670448700392
2752,4896,1277,3103,0,200,0,1277,2472,3786,803,1276,541,807,631,206.68395984283,-0.012180365308742544
2752,4896,1274,3101,0,200,0,1274,2474,3783,872,1273,543,803,627,208.3960938465921,-0.012647162011220814
2752,4896,1278,3101,0,200,0,1278,2472,3782,831,1277,546,807,629,208.62777809301485,-0.012975911008970352
2752,4896,1279,3101,0,200,0,1279,2475,3782,913,1278,547,806,626,208.51599206150834,-0.013047574422896665
2752,4896,1275,3102,0,200,0,1275,2472,3782,782,1274,552,810,630,208.49902488419198,-0.012978716212159968
2752,4896,1278,3101,0,200,0,1278,2471,3785,799,1277,553,812,630,208.95287363711128,-0.01329198089216699
2752,4896,1277,3102,0,200,0,1277,2473,3783,858,1276,553,812,629,208.11014319260593,-0.013435331883875556
2752,4896,1274,3102,0,200,0,1274,2472,3784,882,1273,554,812,630,208.29096155434127,-0.012664261194387287
2752,4896,1278,3102,0,200,0,1278,2474,3783,777,1277,554,807,628,208.29995988710732,-0.013321778276344141
2752,4896,1277,3102,0,200,0,1277,2472,3784,797,1276,552,807,630,207.82116186278992,-0.012970430477751151
2752,4896,1271,3103,0,200,0,1271,2471,3781,815,1270,555,807,632,207.97614130817638,-0.013619386369506688
2752,4896,1278,3102,0,200,0,1278,2472,3785,749,1277,552,804,630,208.1424348095855,-0.0130975013255389
2752,4896,1276,3102,0,200,0,1276,2473,3780,705,1275,551,802,629,208.399507710805,-0.013457212892322861
2752,4896,1276,3102,0,200,0,1276,2473,3783,844,1275,550,800,629,207.86319581511188,-0.01298740735544451
2752,4896,1273,3102,0,200,0,1273,2471,3783,870,1272,551,800,631,208.2861239391741,-0.013915529008617682
2752,4896,1275,3102,0,200,0,1275,2474,3784,872,1274,547,795,628,207.96524443382637,-0.013478164215897273
2752,4896,1276,3101,0,200,0,1276,2472,3785,753,1275,550,795,629,208.67906723575638,-0.013686522652957637
2752,4896,1275,3101,0,200,0,1275,2473,3785,741,1274,548,793,628,208.70974352683297,-0.013226634921746961
2752,4896,1271,3102,0,200,0,1271,2475,3785,953,1270,545,790,627,207.80603189494653,-0.012721839734947109
2752,4896,1276,3101,0,200,0,1276,2473,3783,763,1275,548,790,628,208.69388712897404,-0.013053850110009958
2752,4896,1277,3102,0,200,0,1277,2474,3782,827,1276,546,786,628,207.8495167891497,-0.01330388052599406
2752,4896,1272,3102,0,200,0,1272,2474,3784,803,1271,545,784,628,208.01409804540555,-0.012845650607932269
2752,4896,1276,3101,0,200,0,1276,2477,3785,708,1275,542,779,624,208.74082314469933,-0.01338081047322888
2752,4896,1275,3101,0,200,0,1275,2474,3785,762,1274,544,779,627,209.15601434336847,-0.013668210859253163
2752,4896,1275,3101,0,200,0,1275,2474,3783,880,1274,544,779,627,208.25511574669937,-0.012689827710192721
2752,4896,1277,3101,0,200,0,1277,2472,3783,813,1276,547,777,629,209.25048186539408,-0.013756568971655602
2752,4896,1272,3102,0,200,0,1272,2472,3786,774,1271,546,775,630,208.6335174826657,-0.013378891009840055
2752,4896,1272,3102,0,200,0,1272,2472,3788,824,1271,545,769,630,208.55875936088498,-0.0134246913679695
2752,4896,1275,3102,0,200,0,1275,2474,3785,797,1274,543,765,628,208.26118019397578,-0.013698719539946813
2752,4896,1276,3101,0,200,0,1276,2474,3780,791,1275,544,761,627,208.72541943144495,-0.012976824072036063
2752,4896,1277,3101,0,200,0,1277,2474,3783,842,1276,543,759,627,208.2141876363346,-0.012695707459685587
2752,4896,1274,3102,0,200,0,1274,2475,3788,795,1273,542,753,627,208.3603329390595,-0.012920667967407162
2752,4896,1273,3102,0,200,0,1273,2475,3785,700,1272,543,751,627,209.0084212129142,-0.01385517832681321
2752,4896,1273,3102,0,200,0,1273,2475,3785,893,1272,543,748,627,207.88364098660875,-0.012438958240134985
2752,4896,1276,3101,0,200,0,1276,2476,3784,1051,1275,540,741,625,208.25363598210794,-0.012804432801506074
2752,4896,1276,3101,0,200,0,1276,2474,3779,1055,1275,542,740,627,208.30125243127267,-0.01305167237797636
2752,4896,1276,3101,0,200,0,1276,2472,3782,767,1275,545,739,629,208.86186244039865,-0.01335603001632084
2752,4896,1346,3102,0,200,0,1346,2472,3785,766,1309,544,737,630,207.75900237265284,-0.013235514650956355
2752,4896,1275,3102,0,200,0,1275,2475,3781,1022,1274,540,732,627,207.4864749324907,-0.012968826317787377
2752,4896,1275,3102,0,200,0,1275,2473,3783,801,1274,542,730,629,206.80045467397753,-0.012078803159414116
2752,4896,1275,3102,0,200,0,1275,2471,3783,1023,1274,544,730,631,207.3459140571906,-0.012855990769380765
2752,4896,1276,3101,0,200,0,1276,2475,3781,713,1275,541,723,626,208.0365432294766,-0.012689064227747519
2752,4896,1273,3101,0,200,0,1273,2471,3783,698,1272,546,726,630,208.88370850597096,-0.012872010462938172
2752,4896,1277,3101,0,200,0,1277,2473,3779,826,1276,543,724,628,208.33481208259496,-0.012901320491336354
2752,4896,1274,3102,0,200,0,1274,2475,3786,1036,1273,541,717,627,208.20110823728436,-0.01303716545420138
2752,4896,1277,3102,0,200,0,1277,2474,3780,749,1276,542,716,628,207.3420013083672,-0.013025412067433533
2752,4896,1275,3101,0,200,0,1275,2472,3780,913,1274,544,718,629,208.3760696262404,-0.013304058710847626
2752,4896,1275,3101,0,200,0,1275,2471,3782,951,1274,543,717,630,207.46337711922823,-0.012382535031125304
2752,4896,1272,3102,0,200,0,1272,2471,3782,888,1271,546,716,631,208.43679681608762,-0.013129331792209506
2752,4896,1271,3102,0,200,0,1271,2472,3785,844,1270,545,715,630,208.4993440697491,-0.013335762065475439
2752,4896,1276,3102,0,200,0,1276,2472,3782,868,1275,543,711,630,207.46295295736522,-0.012989900940761303
2752,4896,1275,3102,0,200,0,1275,2471,3780,787,1274,546,711,631,207.6774089401759,-0.013371215973034397
2752,4896,1274,3101,0,200,0,1274,2471,3782,909,1273,547,709,630,208.03607886555835,-0.012994090083677528
2752,4896,1275,3101,0,200,0,1275,2472,3782,878,1274,545,706,629,207.90099639957336,-0.012566342400128086
2752,4896,1346,3102,0,200,0,1346,2472,3786,944,1342,546,704,630,207.51858978789062,-0.01292767545999215
2752,4896,1274,3101,0,200,0,1274,2473,3784,867,1273,544,701,628,207.68329151977244,-0.012597263060281257
2752,4896,1276,3101,0,200,0,1276,2471,3784,885,1275,549,701,630,208.43201938485956,-0.01314446343249094
2752,4896,1275,3101,0,200,0,1275,2472,3784,789,1274,548,699,629,208.37129419937668,-0.012963932838380918
2752,4896,1274,3100,0,200,0,1274,2471,3781,868,1273,548,697,629,209.0668135175561,-0.012897477820832426
2752,4896,1275,3101,0,200,0,1275,2474,3787,877,1274,545,693,627,208.32465937194593,-0.013003241830514985
2752,4896,1275,3101,0,200,0,1275,2472,3783,963,1274,547,693,629,208.07739145652886,-0.013183732672016606
2752,4896,1275,3101,0,200,0,1275,2473,3783,811,1274,542,690,628,208.1825289684505,-0.012907607344198886
2752,4896,1276,3101,0,200,0,1276,2471,3785,775,1275,543,695,630,208.2536477458537,-0.012522852485193046
2752,4896,1271,3102,0,200,0,1271,2473,3786,914,1270,538,691,629,207.95077716281335,-0.012669172950199216
2752,4896,1275,3101,0,200,0,1275,2473,3784,880,1274,535,689,628,208.68689141591165,-0.013067865601407047
2752,4896,1276,3101,0,200,0,1276,2471,3779,952,1275,534,689,630,208.38943693724835,-0.013074466729258946
2752,4896,1276,3101,0,200,0,1276,2474,3779,885,1275,531,687,627,208.30984202678883,-0.012871149179178774
2752,4896,1276,3101,0,200,0,1276,2472,3784,877,1275,530,688,629,208.37523527261524,-0.01318414765708032
2752,4896,1275,3101,0,200,0,1275,2475,3784,864,1274,525,683,626,207.59653403676128,-0.012240316110238065
2752,4896,1275,3101,0,200,0,1275,2474,3782,857,1274,523,685,627,208.27878800666306,-0.013206383455987153
2752,4896,1276,3101,0,200,0,1276,2473,3784,871,1275,520,686,628,207.94808354019597,-0.012731838926555038
2752,4896,1274,3101,0,200,0,1274,2474,3780,913,1273,518,685,627,208.17680666242777,-0.01322943306226374
2752,4896,1276,3101,0,200,0,1276,2469,3783,853,1275,524,690,632,207.7562880772127,-0.012713854626044236
2752,4896,1275,3101,0,200,0,1275,2473,3782,785,1274,519,685,628,207.94062386231025,-0.012841199131398142
2752,4896,1276,3101,0,200,0,1276,2471,3787,886,1275,522,687,630,208.27855918519836,-0.01314163720965591
2752,4896,1346,3102,0,200,0,1346,2472,3784,913,1345,523,686,630,207.58034699171475,-0.012833784451019077
2752,4896,1275,3101,0,200,0,1275,2477,3782,830,1274,520,681,624,207.97600302932327,-0.012473152768904918
2752,4896,1276,3101,0,200,0,1276,2473,3783,877,1275,525,685,628,207.66024725355007,-0.01210567445247566
2752,4896,1272,3102,0,200,0,1272,2473,3785,870,1271,527,684,629,208.02905342985483,-0.013088485425395745
2752,4896,1346,3102,0,200,0,1346,2470,3787,908,1345,534,688,632,207.45869497363014,-0.012718972308554575
2752,4896,1276,3101,0,200,0,1276,2472,3784,887,1275,534,685,629,208.547806064854,-0.01317051298002897
2752,4896,1276,3102,0,200,0,1276,2473,3784,903,1275,541,684,629,206.93765924870226,-0.01245471406842615
2752,4896,1274,3102,0,200,0,1274,2474,3785,754,1273,545,683,628,207.16024882521322,-0.012797429835947918
2752,4896,1274,3101,0,200,0,1274,2475,3781,838,1273,551,682,626,207.96116467580072,-0.012484350110779406
2752,4896,1274,3101,0,200,0,1274,2473,3785,909,1273,558,683,628,208.24489704612517,-0.013273976456986135
2752,4896,1275,3101,0,200,0,1275,2472,3785,883,1274,559,684,629,207.64715401062756,-0.01231182732911595
2752,4896,1275,3101,0,200,0,1275,2472,3785,882,1274,560,684,629,208.32332333086782,-0.012823586295843754
2752,4896,1271,3102,0,200,0,1271,2469,3786,875,1270,564,687,633,207.50905490845184,-0.012555792716691506
2752,4896,1276,3101,0,200,0,1276,2470,3782,984,1275,563,685,631,207.71954478349468,-0.012414459797837766
2752,4896,1276,3101,0,200,0,1276,2473,3778,844,1275,559,682,628,208.1138498289587,-0.012948108011081379
2752,4896,1272,3102,0,200,0,1272,2472,3788,878,1271,561,683,630,208.01121122551282,-0.012979922112693845
2752,4896,1275,3101,0,200,0,1275,2471,3784,914,1274,562,683,630,207.97306073711323,-0.012700397894258395
2752,4896,1276,3101,0,200,0,1276,2474,3782,924,1270,560,680,627,208.25508164229063,-0.012682636545713489
2752,4896,1275,3101,0,200,0,1275,2472,3785,867,1274,562,682,629,207.7441591680216,-0.012490258430481743
2752,4896,1275,3101,0,200,0,1275,2474,3785,944,1274,559,680,627,208.4120427706961,-0.012935466726728833
2752,4896,1276,3101,0,200,0,1276,2471,3785,926,1275,562,682,630,208.1638909312922,-0.012886228467196953
2752,4896,1277,3101,0,200,0,1277,2473,3782,941,1276,562,681,628,207.81307616979046,-0.012907872960427176
2752,4896,1277,3101,0,200,0,1277,2473,3785,794,1276,561,680,628,208.5299039544391,-0.01321620161053682
2752,4896,1276,3101,0,200,0,1276,2477,3784,924,1275,557,676,624,208.21104852215203,-0.013122675425055748
2752,4896,1276,3101,0,200,0,1276,2470,3782,828,1275,563,683,631,207.75906836234162,-0.0126442536692481
2752,4896,1277,3110,0,200,0,1277,2473,3785,893,1276,561,680,637,198.7092944149226,-0.012602681813531334
2752,4896,1274,3101,0,200,0,1274,2473,3783,869,1273,560,679,628,207.59219502311376,-0.0127388969880245
2752,4896,1275,3102,0,200,0,1275,2474,3784,879,1274,558,679,628,206.73814678152806,-0.012427514151521995
2752,4896,1274,3102,0,200,0,1274,2476,3782,868,1273,556,677,626,207.11769974001564,-0.013125912432037774
2752,4896,1271,3101,0,200,0,1271,2474,3787,873,1270,559,679,627,208.69151931825314,-0.01299220294345877
2752,4896,1273,3101,0,200,0,1273,2475,3783,879,1272,556,679,626,207.87655403384773,-0.012741576685301768
2752,4896,1346,3102,0,200,0,1346,2475,3781,912,1345,557,678,627,207.7816866609942,-0.013252575438729227
2752,4896,1271,3102,0,200,0,1271,2472,3787,828,1270,563,681,630,207.7815092644358,-0.01290277741378994
2752,4896,1274,3101,0,200,0,1274,2472,3782,872,1273,561,679,629,208.20402191522498,-0.01316921658172226
2752,4896,1275,3101,0,200,0,1275,2470,3782,910,1274,564,700,631,207.9576341794245,-0.013008332071135723
2752,4896,1275,3101,0,200,0,1275,2473,3784,915,1274,563,704,628,208.22575014681058,-0.012884138813307256
2752,4896,1274,3101,0,200,0,1274,2472,3784,878,1273,564,706,629,208.03217531602547,-0.013098638174219324
2752,4896,1275,3101,0,200,0,1275,2474,3782,896,1274,562,698,627,207.83189011116212,-0.012713442456485327
2752,4896,1274,3101,0,200,0,1274,2474,3785,924,1273,560,699,627,208.10517599404406,-0.013077838478570096
2752,4896,1274,3101,0,200,0,1274,2473,3783,890,1273,560,696,628,208.1274332227373,-0.013029196133357287
2752,4896,1346,3102,0,200,0,1346,2471,3783,932,1289,566,699,631,207.1710894367248,-0.01315788671282361
2752,4896,1274,3101,0,200,0,1274,2472,3781,873,1273,565,695,629,207.78122241506205,-0.012820584605923996
2752,4896,1275,3101,0,200,0,1275,2475,3784,784,1274,562,689,626,207.5702106986646,-0.012630330507378098
2752,4896,1275,3101,0,200,0,1275,2472,3784,916,1274,564,692,629,207.52692447922522,-0.0128533816567095
2752,4896,1276,3101,0,200,0,1276,2473,3784,757,1275,564,692,628,207.8104655411857,-0.012652599797495001
2752,4896,1275,3101,0,200,0,1275,2469,3783,935,1274,568,691,632,207.82200086249694,-0.01308867258605871
2752,4896,1346,3102,0,200,0,1346,2473,3783,876,1318,564,688,629,207.49117179655158,-0.012844444004150909
2752,4896,1346,3102,0,200,0,1346,2475,3783,916,1329,563,684,627,207.77913219473209,-0.012996253322213557
2752,4896,1276,3101,0,200,0,1276,2472,3785,866,1274,566,685,629,208.06897877491076,-0.012966347865552914
2752,4896,1276,3110,0,200,0,1276,2473,3779,908,1275,562,684,637,198.88474162722707,-0.012636835483347389
2752,4896,1275,3101,0,200,0,1275,2472,3783,914,1274,564,683,629,207.9281810913713,-0.01300092293857916
2752,4896,1276,3101,0,200,0,1276,2472,3783,873,1275,565,683,629,207.96061713749302,-0.013098207244009494
2752,4896,1276,3100,0,200,0,1276,2474,3784,845,1275,563,680,626,209.3034219449239,-0.01334728438780826
2752,4896,1272,3102,0,200,0,1272,2472,3783,869,1271,567,681,630,207.79213503921702,-0.01315829597604403
2752,4896,1276,3101,0,200,0,1276,2472,3782,916,1275,565,681,629,207.4570366283181,-0.012437857374542586
2752,4896,1275,3101,0,200,0,1275,2472,3777,874,1274,565,680,629,207.24001209353543,-0.012513999516834731
2752,4896,1276,3101,0,200,0,1276,2475,3784,872,1275,563,677,626,207.7300682748228,-0.012771353202580674
2752,4896,1276,3101,0,200,0,1276,2472,3781,914,1275,566,679,629,207.7069377651765,-0.012777291952273218
2752,4896,1276,3101,0,200,0,1276,2472,3784,894,1275,565,680,629,208.0380143707001,-0.012939653892756807
2752,4896,1271,3102,0,200,0,1271,2475,3788,916,1270,561,678,627,207.74697727447492,-0.012993749992957694
2752,4896,1276,3101,0,200,0,1276,2474,3783,882,1275,563,677,627,207.75725027320496,-0.012928780679305113
2752,4896,1275,3101,0,200,0,1275,2474,3780,843,1274,562,679,627,207.7055250303049,-0.012810249518479744
2752,4896,1277,3101,0,200,0,1277,2475,3777,870,1276,564,677,626,207.5164265670815,-0.012616836095843895
2752,4896,1272,3101,0,200,0,1272,2475,3784,913,1268,563,678,626,208.46741995531286,-0.012783436536746871
2752,4896,1275,3101,0,200,0,1275,2476,3783,911,1274,561,675,625,207.5875035871363,-0.01246468264208214
2752,4896,1276,3101,0,200,0,1276,2473,3784,914,1275,563,679,628,207.89615267982356,-0.012949055760231382
2752,4896,1274,3101,0,200,0,1274,2474,3779,884,1273,563,677,627,207.74904993585653,-0.013002586980334144
2752,4896,1275,3101,0,200,0,1275,2476,3784,847,1274,561,675,625,208.10382682363732,-0.013278090606483961
2752,4896,1274,3101,0,200,0,1274,2474,3778,923,1273,562,679,627,207.84194700260502,-0.012633926168758029
2752,4896,1276,3101,0,200,0,1276,2476,3785,913,1275,561,676,625,207.97325513744292,-0.013026063687826704
2752,4896,1276,3101,0,200,0,1276,2471,3783,914,1275,566,681,630,207.44388036778483,-0.012767031984600446
2752,4896,1275,3101,0,200,0,1275,2472,3783,865,1274,564,679,629,207.19988257267224,-0.012651179660419504
2752,4896,1276,3101,0,200,0,1276,2473,3778,841,1275,565,678,628,207.10895549249645,-0.012278283559935666
2752,4896,1272,3101,0,200,0,1272,2473,3786,871,1271,564,680,628,208.3245394959862,-0.013018169226164096
2752,4896,1272,3102,0,200,0,1272,2473,3785,876,1271,565,680,629,207.73081121625447,-0.013464291240358077
2752,4896,1275,3101,0,200,0,1275,2472,3779,913,1274,565,680,629,208.39165661593287,-0.01322223012192669
2752,4896,1276,3101,0,200,0,1276,2472,3785,915,1275,565,679,629,208.0277864219962,-0.01351841849330699
2752,4896,1276,3101,0,200,0,1276,2474,3782,918,1275,564,678,627,207.83756468550345,-0.012920276177292432
2752,4896,1275,3101,0,200,0,1275,2474,3783,934,1274,563,678,627,207.9026989265362,-0.01315266602333989
2752,4896,1271,3101,0,200,0,1271,2469,3783,905,1270,568,684,632,208.56641634667085,-0.013269038388070923
2752,4896,1275,3100,0,200,0,1275,2475,3779,883,1274,562,676,625,208.5150078189252,-0.012933532642591178
2752,4896,1275,3101,0,200,0,1275,2473,3782,817,1274,563,678,628,207.75253551190468,-0.01321464075026617
2752,4896,1271,3101,0,200,0,1271,2473,3781,811,1270,563,678,628,208.42462328830692,-0.013100774075168372
2752,4896,1276,3101,0,200,0,1276,2469,3785,870,1275,568,683,632,207.5337690120018,-0.012577969809377363
2752,4896,1272,3102,0,200,0,1272,2472,3784,910,1271,564,681,630,207.2144679863204,-0.012763494972604582
2752,4896,1275,3101,0,200,0,1275,2471,3780,892,1274,565,681,630,207.72619080066434,-0.013026067088724839
2752,4896,1271,3102,0,200,0,1271,2472,3784,845,1270,565,680,630,207.48724919762887,-0.012837106683348583
2752,4896,1272,3102,0,200,0,1272,2472,3782,871,1271,565,680,630,206.8645008199875,-0.012242274061787819
2752,4896,1275,3101,0,200,0,1275,2469,3785,913,1274,567,682,632,207.84684851272107,-0.013266946425103263
2752,4896,1276,3101,0,200,0,1276,2472,3783,869,1275,563,681,629,207.48185862223795,-0.012633282337505812
2752,4896,1271,3102,0,200,0,1271,2473,3788,858,1270,564,679,629,207.38397586484393,-0.01298692656049188
2752,4896,1272,3101,0,200,0,1272,2472,3779,885,1271,564,681,629,208.4804577744959,-0.012889797374073003
2752,4896,1276,3101,0,200,0,1276,2474,3783,871,1275,562,677,627,207.8822813743005,-0.012956256367524633
2752,4896,1277,3101,0,200,0,1277,2474,3783,881,1276,561,677,627,208.00526636696205,-0.013355262169866076
2752,4896,1275,3101,0,200,0,1275,2473,3782,905,1274,562,678,628,207.33307930981417,-0.01289623376086604
2752,4896,1273,3101,0,200,0,1273,2471,3785,914,1272,565,680,630,208.2891756106756,-0.012844386906899284
2752,4896,1272,3101,0,200,0,1272,2475,3788,865,1271,562,678,626,208.7978896144641,-0.013306289002914404
2752,4896,1272,3102,0,200,0,1272,2474,3787,865,1271,563,678,628,207.09849737617986,-0.012764839565516082
2752,4896,1273,3101,0,200,0,1273,2473,3785,864,1272,562,679,628,208.59579036338198,-0.013223686307658628
2752,4896,1275,3102,0,200,0,1275,2472,3786,907,1274,565,681,630,207.2620113351111,-0.012575826760371915
2752,4896,1277,3100,0,200,0,1277,2477,3782,868,1276,559,674,623,208.730122732191,-0.012846399196496995
2752,4896,1277,3101,0,200,0,1277,2476,3782,835,1276,561,675,625,207.3366360361208,-0.01219777742076277
2752,4896,1277,3101,0,200,0,1277,2473,3784,884,1276,562,678,628,207.20398812958712,-0.012140928881498472
2752,4896,1273,3102,0,200,0,1273,2475,3786,887,1272,562,678,627,207.59445599399658,-0.012733207774199907
2752,4896,1276,3101,0,200,0,1276,2473,3781,881,1275,562,678,628,208.0922643446105,-0.01286042101946412
2752,4896,1271,3101,0,200,0,1271,2472,3786,914,1270,563,679,629,208.48598603850613,-0.012966212524060083
2752,4896,1276,3101,0,200,0,1276,2476,3783,913,1275,559,675,625,207.6607017085602,-0.012817285305118425
2752,4896,1272,3102,0,200,0,1272,2477,3788,870,1271,559,676,625,207.06860930040477,-0.01266080155971363
2752,4896,1272,3102,0,200,0,1272,2472,3785,927,1271,565,679,630,207.1713962628681,-0.012680859751776184
2752,4896,1275,3101,0,200,0,1275,2471,3785,877,1274,563,680,630,207.39990083696418,-0.0126222907043893
2752,4896,1277,3101,0,200,0,1277,2471,3783,890,1276,564,680,630,207.7453029401266,-0.012783326061583061
2752,4896,1276,3101,0,200,0,1276,2474,3783,907,1275,561,677,627,207.55254843631613,-0.012751091734127912
2752,4896,1276,3101,0,200,0,1276,2472,3785,903,1275,564,679,629,207.75594509840468,-0.012773786238770965
2752,4896,1276,3101,0,200,0,1276,2477,3783,914,1275,558,674,624,207.55300621570862,-0.012751147972534658
2752,4896,1276,3100,0,200,0,1276,2474,3785,803,1275,561,677,626,208.6575877961576,-0.012931765404340248
2752,4896,1272,3101,0,200,0,1272,2472,3785,848,1271,563,679,629,207.78527951805216,-0.012535546747422945
2752,4896,1272,3101,0,200,0,1272,2474,3787,917,1271,561,677,627,208.3968452917865,-0.012901268372593285
2752,4896,1274,3101,0,200,0,1274,2472,3782,910,1273,562,679,629,207.30289518167046,-0.012519285936239329
2752,4896,1271,3101,0,200,0,1271,2472,3786,947,1270,564,679,629,208.51354520918542,-0.013209474701143961
2752,4896,1274,3101,0,200,0,1274,2474,3787,885,1273,560,677,627,207.27577603195402,-0.01278571443254222
2752,4896,1271,3101,0,200,0,1271,2472,3786,846,1270,563,680,629,208.31002435190098,-0.013344874362186282
2752,4896,1276,3100,0,200,0,1276,2474,3784,868,1275,561,677,626,208.57297394641566,-0.01310603460277529
2752,4896,1275,3110,0,200,0,1275,2471,3783,879,1274,564,680,639,198.3585245079639,-0.012978032647339592
2752,4896,1276,3101,0,200,0,1276,2472,3783,941,1275,563,679,629,207.5114832367146,-0.012816893539980473
2752,4896,1275,3101,0,200,0,1275,2475,3777,947,1274,558,676,626,207.18182783076182,-0.012752669693707974
2752,4896,1278,3101,0,200,0,1278,2472,3780,873,1277,564,679,629,207.39914652526983,-0.012820869201490366
2752,4896,1275,3101,0,200,0,1275,2472,3784,922,1274,562,679,629,207.61660918497248,-0.012812543296613223
2752,4896,1271,3102,0,200,0,1271,2473,3783,955,1270,563,679,629,206.89113592331412,-0.012368789893723756
2752,4896,1275,3101,0,200,0,1275,2473,3782,851,1274,562,678,628,207.331404301439,-0.012705993514106811
2752,4896,1279,3072,0,200,0,1279,2442,3749,828,1278,593,709,630,234.92285880062474,-0.012375334862102218
2752,4896,1276,3100,0,200,0,1276,2475,3787,883,1275,559,677,625,208.79591725936262,-0.013306762747671634
2752,4896,1274,3100,0,200,0,1274,2472,3784,900,1273,562,680,628,208.0833155170089,-0.012688308766706216
2752,4896,1277,3101,0,200,0,1277,2474,3783,910,1276,561,677,627,207.55550087314415,-0.0127071347767839
2752,4896,1276,3101,0,200,0,1276,2471,3783,917,1275,563,680,630,207.71877731970525,-0.013275562149409214
2752,4896,1274,3072,0,200,0,1274,2442,3749,921,1273,594,709,630,235.19186517722963,-0.012102407278417228
2752,4896,1275,3100,0,200,0,1275,2476,3782,896,1274,559,675,624,207.78013561743165,-0.012064195672187944
2752,4896,1274,3100,0,200,0,1274,2473,3782,864,1273,561,677,627,207.75850287743364,-0.0127820580980147
2752,4896,1277,3072,0,200,0,1277,2442,3749,910,1276,592,709,630,234.519870184778,-0.012430777111451076
2752,4896,1272,3101,0,200,0,1272,2474,3787,874,1271,559,679,627,208.18583533317272,-0.013006499226441362
2752,4896,1271,3101,0,200,0,1271,2472,3786,878,1270,563,680,629,208.36135910464958,-0.013084038361520469
2752,4896,1271,3101,0,200,0,1271,2475,3784,878,1270,560,678,626,207.96726433765608,-0.012801085205777888
2752,4896,1346,3101,0,200,0,1346,2475,3786,864,1345,559,676,626,208.1646391230179,-0.012845807016823682
2752,4896,1275,3100,0,200,0,1275,2477,3782,904,1274,558,674,623,208.1493135334763,-0.012610984672368344
2752,4896,1275,3101,0,200,0,1275,2478,3781,871,1274,557,674,623,207.32908049393896,-0.012834231290170348
2752,4896,1272,3101,0,200,0,1272,2476,3785,847,1271,557,676,625,207.97688379557562,-0.012674236007644855
2752,4896,1275,3101,0,200,0,1275,2475,3784,888,1274,560,676,626,207.10336375054905,-0.012855704542225255
2752,4896,1276,3100,0,200,0,1276,2473,3778,878,1275,561,677,627,208.6169970870006,-0.01331208400986444
2752,4896,1271,3101,0,200,0,1271,2474,3783,880,1270,561,678,627,207.70845724753258,-0.012788459664401884
2752,4896,1273,3101,0,200,0,1273,2475,3783,915,1272,559,676,626,206.77832922951828,-0.012061547788481208
2752,4896,1272,3101,0,200,0,1272,2473,3786,913,1271,562,679,628,207.5986003801533,-0.012430648111684756
2752,4896,1276,3101,0,200,0,1276,2472,3784,874,1275,562,679,629,207.29062653417768,-0.012493442832181468
2752,4896,1271,3101,0,200,0,1271,2474,3789,922,1270,561,677,627,208.15931888741227,-0.012821826930360379
2752,4896,1273,3101,0,200,0,1273,2474,3788,933,1272,561,677,627,208.4249047002441,-0.013128511460315654
2752,4896,1272,3101,0,200,0,1272,2475,3785,872,1271,560,676,626,208.68725140331574,-0.013220300648073849
2752,4896,1272,3101,0,200,0,1272,2471,3784,878,1271,564,682,630,208.08211674469885,-0.012739059115351347
2752,4896,1275,3100,0,200,0,1275,2476,3785,961,1274,559,675,624,207.91439060636998,-0.012384316018252774
2752,4896,1276,3101,0,200,0,1276,2477,3784,882,1275,558,674,624,207.34879558067806,-0.012911515478768329
2752,4896,1276,3101,0,200,0,1276,2471,3784,852,1275,564,680,630,207.29683815942752,-0.012510748001667295
2752,4896,1275,3100,0,200,0,1275,2473,3781,793,1273,562,678,627,208.23198676311867,-0.012809919735865863
2752,4896,1275,3100,0,200,0,1275,2473,3783,839,1274,562,678,627,207.52112560992137,-0.012357344385162523
2752,4896,1276,3072,0,200,0,1276,2442,3749,951,1275,593,709,630,234.3503953368012,-0.012469763397898227
2752,4896,1274,3100,0,200,0,1274,2472,3783,970,1273,563,679,628,207.88865762990523,-0.012729100361173614
2752,4896,1276,3072,0,200,0,1276,2442,3749,879,1275,592,708,630,234.32024159322432,-0.012162788928447944
2752,4896,1274,3072,0,200,0,1274,2442,3749,899,1273,593,710,630,234.70431161801127,-0.011901421461840317
2752,4896,1275,3100,0,200,0,1275,2477,3782,807,1274,558,674,623,208.6658878742829,-0.013417521916143425
2752,4896,1273,3102,0,200,0,1273,2473,3780,853,1269,563,678,629,207.12507305908872,-0.012801801931576423
2752,4896,1276,3101,0,200,0,1276,2472,3782,916,1275,562,679,629,207.78479687744232,-0.013174603839159615
2752,4896,1276,3100,0,200,0,1276,2472,3785,864,1275,563,679,628,207.50386243648123,-0.012264890143742485
2752,4896,1273,3072,0,200,0,1273,2442,3749,875,1269,594,709,630,235.3928148276164,-0.01250621556481276
2752,4896,1277,3072,0,200,0,1277,2442,3749,906,1276,593,709,630,234.0993374894199,-0.011865752400856059
2752,4896,1274,3100,0,200,0,1274,2472,3777,962,1273,563,679,628,207.95499736811087,-0.012673190024244302
2752,4896,1276,3100,0,200,0,1276,2471,3785,951,1275,565,680,629,208.51028844803216,-0.013363664751685555
2752,4896,1272,3101,0,200,0,1272,2473,3783,878,1271,562,678,628,207.91522932732983,-0.012840858697120105
2752,4896,1274,3100,0,200,0,1274,2474,3778,920,1273,560,675,626,207.834569550289,-0.012618096994924525
2752,4896,1275,3100,0,200,0,1275,2473,3781,877,1274,562,678,627,208.11742810917625,-0.012830885972351972
2752,4896,1271,3102,0,200,0,1271,2471,3783,942,1270,564,680,631,206.87030634704416,-0.01283003024614179
2752,4896,1272,3102,0,200,0,1272,2475,3785,964,1271,561,676,627,206.99130967793278,-0.012644417699815386
2752,4896,1275,3110,0,200,0,1275,2475,3784,947,1274,560,676,635,197.8253640332074,-0.012333412672864592
2752,4896,1274,3100,0,200,0,1274,2473,3782,876,1273,561,678,627,207.91885769111317,-0.012721457754283435
2752,4896,1271,3101,0,200,0,1271,2477,3783,871,1270,559,675,624,207.40787261123393,-0.012522345820268671
2752,4896,1275,3100,0,200,0,1275,2475,3779,921,1274,559,676,625,208.15445466721826,-0.012948673980424064
2752,4896,1274,3101,0,200,0,1274,2476,3779,878,1273,554,674,625,206.3016247237978,-0.012156084688010375
2752,4896,1274,3100,0,200,0,1274,2478,3777,813,1273,557,673,622,207.60787672210887,-0.012532704105238645
2752,4896,1277,3072,0,200,0,1277,2442,3749,875,1276,593,709,630,234.20937133380508,-0.01187153588149756
2752,4896,1272,3101,0,200,0,1272,2472,3785,861,1271,563,679,629,207.77753438442193,-0.012711038266667815
2752,4896,1275,3100,0,200,0,1275,2475,3782,926,1274,559,676,625,207.50363697675456,-0.012574760342445349
2752,4896,1276,3100,0,200,0,1276,2477,3777,859,1275,558,674,623,207.75419003117065,-0.012640777156640278
2752,4896,1272,3101,0,200,0,1272,2475,3783,974,1271,559,676,626,207.64386737233525,-0.012689770407945014
2752,4896,1277,3072,0,200,0,1277,2442,3749,890,1276,593,709,630,234.1824246616312,-0.01203434866066946
2752,4896,1276,3100,0,200,0,1276,2475,3777,943,1275,560,676,625,207.8633392608209,-0.013038220852911423
2752,4896,1274,3101,0,200,0,1274,2475,3785,928,1273,560,676,626,207.7634272311957,-0.012910473009668116
2752,4896,1273,3101,0,200,0,1273,2474,3779,884,1272,562,677,627,207.754888700728,-0.012794653200469753
2752,4896,1272,3101,0,200,0,1272,2472,3785,878,1271,564,679,629,206.8043262568386,-0.011882823985286058
2752,4896,1275,3100,0,200,0,1275,2477,3781,874,1265,557,673,623,207.74024263122348,-0.012680121103895096
2752,4896,1271,3101,0,200,0,1271,2472,3785,900,1270,563,679,629,207.12535487949043,-0.012215552660694157
2752,4896,1275,3101,0,200,0,1275,2474,3781,976,1274,561,676,627,207.10572657986427,-0.013079827802335228
2752,4896,1272,3101,0,200,0,1272,2475,3782,905,1271,561,676,626,207.83291048286299,-0.012976972520735626
2752,4896,1276,3100,0,200,0,1276,2472,3785,914,1275,564,680,628,208.0071020400106,-0.012839370264709188
2752,4896,1277,3072,0,200,0,1277,2442,3749,881,1276,594,708,630,234.05997232561424,-0.012074635604540371
2752,4896,1275,3101,0,200,0,1275,2472,3783,867,1274,563,678,629,206.6201279530847,-0.012651893813211013
2752,4896,1276,3100,0,200,0,1276,2474,3783,833,1275,561,677,626,207.76966232184253,-0.012768561891377313
2752,4896,1274,3100,0,200,0,1274,2473,3783,953,1268,563,678,627,207.68564452390652,-0.01264636678142478
2752,4896,1272,3101,0,200,0,1272,2474,3785,910,1271,562,678,627,207.1953979258362,-0.012214196618228855
2752,4896,1275,3101,0,200,0,1275,2473,3785,913,1274,561,678,628,206.71938401510064,-0.012424158162690196
2752,4896,1346,3101,0,200,0,1346,2471,3785,970,1342,565,680,630,207.0021506964877,-0.012382689334237761
2752,4896,1271,3102,0,200,0,1271,2475,3784,875,1270,562,676,627,206.5844833609029,-0.0126392642902383
2752,4896,1273,3101,0,200,0,1273,2474,3785,925,1272,562,677,627,207.75010534840413,-0.01274701756883532
2752,4896,1277,3100,0,200,0,1277,2475,3784,885,1276,561,676,625,207.77383616728304,-0.012326826821731302
2752,4896,1273,3101,0,200,0,1273,2472,3786,882,1272,565,679,629,208.10997343957112,-0.013223595738998213
2752,4896,1276,3100,0,200,0,1276,2478,3784,972,1275,557,672,622,207.76329567055868,-0.01268191677163051
2752,4896,1276,3100,0,200,0,1276,2473,3783,822,1275,562,678,627,208.15410567778437,-0.012840461983157109
2752,4896,1346,3100,0,200,0,1346,2478,3786,882,1320,557,673,622,208.74845034835639,-0.012887112016386896
2752,4896,1275,3109,0,200,0,1275,2477,3780,922,1274,558,674,632,198.87935137248547,-0.012593987492582621
2752,4896,1273,3101,0,200,0,1273,2475,3782,908,1272,560,676,626,207.89023239745018,-0.013009034888319015
2752,4896,1275,3100,0,200,0,1275,2473,3784,889,1274,563,678,627,208.110262358262,-0.012830669669818592
2752,4896,1274,3101,0,200,0,1274,2477,3780,868,1273,558,675,624,207.6570383157785,-0.012365980227466213
2752,4896,1275,3100,0,200,0,1275,2476,3784,918,1274,560,675,624,207.658399676948,-0.012741547722642124
2752,4896,1275,3100,0,200,0,1275,2475,3781,886,1274,561,675,625,207.57386044479068,-0.01239435899808905
2752,4896,1276,3101,0,200,0,1276,2476,3777,877,1275,558,675,625,206.81624477162623,-0.012820774938259194
2752,4896,1273,3101,0,200,0,1273,2477,3785,870,1272,558,674,624,207.47436103646297,-0.012636950036056043
2752,4896,1277,3101,0,200,0,1277,2480,3783,873,1276,553,671,621,207.14322918241567,-0.012673343659842934
2752,4896,1276,3100,0,200,0,1276,2475,3780,870,1275,560,676,625,208.10680017616437,-0.012833926442837977
2752,4896,1271,3100,0,200,0,1271,2477,3786,910,1270,559,674,623,208.8479826049501,-0.012721556023723634
2752,4896,1346,3100,0,200,0,1346,2476,3783,903,1291,559,675,624,207.47960481867494,-0.01272171592588741
2752,4896,1274,3100,0,200,0,1274,2475,3783,863,1269,560,676,625,207.56408225915814,-0.0125423924225268
2752,4896,1271,3101,0,200,0,1271,2477,3786,902,1270,558,674,624,207.76972496492593,-0.012946083823762703
2752,4896,1273,3101,0,200,0,1273,2476,3785,926,1272,559,675,625,208.05406059959543,-0.012802599962990786
2752,4896,1272,3101,0,200,0,1272,2475,3785,916,1271,561,676,626,207.12337460489525,-0.012072806983248769
2752,4896,1276,3100,0,200,0,1276,2475,3783,893,1275,560,676,625,207.88987603039408,-0.01273800584973177
2752,4896,1273,3101,0,200,0,1273,2475,3785,972,1272,560,676,626,208.05580897050277,-0.013292253050799903
2752,4896,1274,3100,0,200,0,1274,2476,3783,911,1273,559,674,624,207.70158512904842,-0.01276711235367747
2752,4896,1272,3101,0,200,0,1272,2475,3788,974,1271,560,676,626,207.9817276021659,-0.013046809474182389
2752,4896,1273,3102,0,200,0,1273,2475,3783,878,1272,558,676,627,207.20179737009968,-0.012700675748252458
2752,4896,1273,3101,0,200,0,1273,2473,3785,875,1272,562,678,628,207.82722762870958,-0.012755032926148874
2752,4896,1346,3100,0,200,0,1346,2474,3785,865,1325,562,677,626,207.25105123140747,-0.011723098672183761
2752,4896,1346,3099,0,200,0,1346,2474,3782,905,1345,561,677,625,207.63499361549975,-0.012698570035106329
2752,4896,1346,3100,0,200,0,1346,2471,3786,948,1295,564,680,629,207.95938931925355,-0.012252713885273773
2752,4896,1271,3101,0,200,0,1271,2474,3786,963,1270,562,677,627,206.94248690720906,-0.01223813939720722
2752,4896,1275,3100,0,200,0,1275,2476,3781,913,1271,558,675,624,207.8441855316318,-0.012667737176434051
2752,4896,1275,3100,0,200,0,1275,2475,3784,847,1274,561,676,625,207.4579025033401,-0.012391315454806645
2752,4896,1272,3101,0,200,0,1272,2475,3783,910,1271,559,676,626,207.53551904102753,-0.012626127443870407
2752,4896,1275,3100,0,200,0,1275,2475,3778,871,1274,561,675,625,207.93196486175864,-0.012354473612605903
2752,4896,1274,3100,0,200,0,1274,2476,3782,867,1273,559,675,624,207.7957301234232,-0.013176240637303402
2752,4896,1274,3101,0,200,0,1274,2475,3781,877,1273,560,676,626,207.00950914662556,-0.01292241977468784
2752,4896,1274,3100,0,200,0,1274,2471,3782,906,1273,564,680,629,207.6248318767506,-0.012611342058449429
2752,4896,1274,3101,0,200,0,1274,2477,3778,944,1262,558,674,624,206.79594581190696,-0.012556737955896942
2752,4896,1275,3100,0,200,0,1275,2472,3780,931,1274,563,679,628,207.64135057154402,-0.012612007185708068
2752,4896,1271,3100,0,200,0,1271,2475,3785,915,1270,560,676,625,207.40492570384313,-0.012959023486302727
2752,4896,1272,3100,0,200,0,1272,2472,3785,922,1271,562,678,628,207.6333526001304,-0.012887215457794783
2752,4896,1276,3100,0,200,0,1276,2473,3777,940,1275,561,678,627,207.67737938729263,-0.01275008721614598
2752,4896,1275,3099,0,200,0,1275,2472,3783,885,1274,564,677,627,208.53876232016123,-0.012746657747949329
2752,4896,1273,3100,0,200,0,1273,2474,3783,881,1272,561,677,626,207.4797217486701,-0.012401675337474818
2752,4896,1273,3100,0,200,0,1273,2473,3783,884,1263,563,677,627,207.14899138732522,-0.012221348275236812
2752,4896,1271,3101,0,200,0,1271,2475,3783,836,1270,561,676,626,207.47890373227835,-0.012571320430162736
2752,4896,1274,3100,0,200,0,1274,2475,3784,865,1273,560,676,625,207.7429403344563,-0.012966152456085313
2752,4896,1272,3100,0,200,0,1272,2475,3775,803,1271,560,674,625,207.47584154027166,-0.012921329202703167
2752,4896,1274,3100,0,200,0,1274,2476,3777,970,1273,559,675,624,206.91001025538242,-0.012249533784282635
2752,4896,1274,3100,0,200,0,1274,2471,3783,980,1273,566,680,629,207.9136886863442,-0.012889220647983597
2752,4896,1274,3100,0,200,0,1274,2473,3783,944,1273,563,678,627,207.64683440398778,-0.01252653637344524
2752,4896,1271,3101,0,200,0,1271,2472,3785,952,1270,565,679,629,207.20194232258623,-0.012464060403933696
2752,4896,1274,3101,0,200,0,1274,2471,3783,973,1273,562,680,630,206.72070166707877,-0.01247215511700354
2752,4896,1275,3100,0,200,0,1275,2473,3781,931,1274,562,678,627,208.1975134359244,-0.013221142958959287
2752,4896,1273,3101,0,200,0,1273,2475,3785,925,1272,562,678,626,207.72960732599245,-0.012816077585335468
2752,4896,1271,3101,0,200,0,1271,2473,3783,877,1270,564,678,628,207.965559274886,-0.013183078988644391
2752,4896,1271,3101,0,200,0,1271,2473,3785,940,1270,563,678,628,207.39412260162075,-0.012511708684796782
2752,4896,1275,3100,0,200,0,1275,2474,3784,917,1274,562,677,626,207.77349677871123,-0.012438680146250698
2752,4896,1271,3101,0,200,0,1271,2474,3783,933,1270,562,677,627,207.44448411383541,-0.012275635293527905
2752,4896,1346,3100,0,200,0,1346,2473,3783,969,1345,563,678,627,207.9752255014616,-0.012878514664746479
2752,4896,1272,3099,0,200,0,1272,2473,3783,978,1271,562,678,626,208.30041854210614,-0.012808348790945815
2752,4896,1346,3101,0,200,0,1346,2472,3785,923,1294,565,679,629,207.25085971263866,-0.012057122556522764
2752,4896,1275,3100,0,200,0,1275,2472,3783,902,1274,561,678,628,207.64553297585596,-0.01290854866066566
2752,4896,1271,3100,0,200,0,1271,2471,3783,939,1264,566,680,629,208.53440991533824,-0.012818577483762895
2752,4896,1275,3100,0,200,0,1275,2472,3777,963,1274,564,679,628,207.56152098171526,-0.012513120425176397
2752,4896,1273,3100,0,200,0,1273,2472,3782,883,1272,563,679,628,207.69439523074846,-0.012981421242529665
2752,4896,1274,3100,0,200,0,1274,2472,3780,901,1273,564,679,628,208.0323492570195,-0.01310661665648797
2752,4896,1271,3101,0,200,0,1271,2472,3782,879,1270,566,679,629,207.0969801721517,-0.012630324048860728
2752,4896,1272,3100,0,200,0,1272,2473,3784,976,1271,564,678,627,207.9440953092005,-0.012271835076840088
2752,4896,1272,3100,0,200,0,1272,2470,3779,915,1271,566,681,630,208.02320253335074,-0.012876609706616365
2752,4896,1273,3101,0,200,0,1273,2473,3783,897,1272,564,678,628,207.3070746117029,-0.012477025915179699
2752,4896,1274,3109,0,200,0,1274,2472,3780,855,1273,565,679,637,198.26504755876445,-0.012875236731423805
2752,4896,1273,3100,0,200,0,1273,2470,3781,896,1272,566,681,630,207.1348323472067,-0.012531647511997515
2752,4896,1346,3101,0,200,0,1346,2473,3788,917,1329,564,678,628,207.24563820548752,-0.012242840403026577
2752,4896,1272,3100,0,200,0,1272,2474,3785,868,1271,563,677,626,208.31597936440264,-0.01273661104608617
2752,4896,1346,3101,0,200,0,1346,2473,3783,880,1275,562,678,628,207.14154427334702,-0.012775210318459731
2752,4896,1272,3099,0,200,0,1272,2472,3783,977,1271,564,679,627,207.97487732131893,-0.01277102282278364
2752,4896,1346,3110,0,200,0,1346,2473,3785,849,1330,565,678,637,198.0582567873624,-0.012432124298223896
2752,4896,1271,3101,0,200,0,1271,2472,3784,894,1270,566,679,629,207.39548974535114,-0.012279603585069783
2752,4896,1272,3101,0,200,0,1272,2474,3785,938,1271,562,678,627,207.7827534786036,-0.012745904740973726
2752,4896,1271,3101,0,200,0,1271,2473,3782,966,1270,565,678,628,207.14708358966675,-0.012170326434190483
2752,4896,1274,3099,0,200,0,1274,2472,3783,973,1273,565,679,627,208.62085529599292,-0.013045364809330235
2752,4896,1346,3100,0,200,0,1346,2475,3783,896,1327,561,675,625,206.16618323261915,-0.012091256122816132
2752,4896,1346,3101,0,200,0,1346,2475,3785,874,1317,562,676,626,206.8351199354655,-0.012603771064635476
2752,4896,1346,3099,0,200,0,1346,2473,3781,878,1345,562,677,626,207.5470755661804,-0.012658816344811506
2752,4896,1271,3101,0,200,0,1271,2473,3783,939,1270,563,678,628,207.2571385899673,-0.012859628097358519
2752,4896,1274,3099,0,200,0,1274,2477,3777,883,1273,559,673,622,208.6196208430038,-0.013155844938391647
2752,4896,1272,3100,0,200,0,1272,2473,3782,908,1271,564,678,627,208.46191048330695,-0.012751660594389045
2752,4896,1275,3099,0,200,0,1275,2472,3784,899,1274,563,678,627,208.37941523963718,-0.012941853664954926
2752,4896,1272,3101,0,200,0,1272,2474,3784,891,1271,563,677,627,207.2773416770995,-0.012750746649154817
2752,4896,1271,3101,0,200,0,1271,2474,3786,874,1270,564,677,627,207.12278652896734,-0.01253739118759888
2752,4896,1346,3101,0,200,0,1346,2475,3785,872,1322,562,676,626,207.4570275119916,-0.012966001479064343
2752,4896,1271,3101,0,200,0,1271,2472,3784,901,1270,565,679,629,207.56765195689627,-0.01275039448606156
2752,4896,1274,3099,0,200,0,1274,2472,3777,817,1273,566,679,627,208.2469562667201,-0.012643503434771811
2752,4896,1271,3100,0,200,0,1271,2473,3783,858,1270,564,678,627,207.45495990590086,-0.012988735212031902
2752,4896,1272,3101,0,200,0,1272,2472,3782,975,1271,567,679,629,207.82213090236783,-0.01351679969194544
2752,4896,1346,3099,0,200,0,1346,2472,3781,888,1335,565,678,627,208.25760107715806,-0.01312889003649096
2752,4896,1346,3109,0,200,0,1346,2472,3778,971,1345,565,679,637,199.08976164783326,-0.012587942052286366
2752,4896,1273,3099,0,200,0,1273,2473,3785,926,1272,564,678,626,208.10736645179873,-0.012721801813775408
2752,4896,1274,3099,0,200,0,1274,2470,3781,853,1273,568,680,629,208.15807999785244,-0.013035145943869722
2752,4896,1273,3100,0,200,0,1273,2475,3779,883,1272,562,674,625,207.22032882733308,-0.012613764996639666
2752,4896,1346,3101,0,200,0,1346,2473,3785,870,1325,565,678,628,207.18216842157608,-0.013015888818465236
2752,4896,1274,3099,0,200,0,1274,2472,3783,894,1268,565,679,627,208.2711473649209,-0.012597600031339376
2752,4896,1346,3100,0,200,0,1346,2469,3781,962,1331,569,682,631,207.31737569566002,-0.012515872168939991
2752,4896,1272,3099,0,200,0,1272,2472,3781,823,1271,565,679,627,207.41496161745596,-0.01244228958649185
2752,4896,1346,3100,0,200,0,1346,2473,3785,913,1345,564,678,627,207.0882814702225,-0.012433051282383537
2752,4896,1346,3099,0,200,0,1346,2471,3777,892,1328,567,680,628,207.6477926648609,-0.012043810548915793
2752,4896,1271,3099,0,200,0,1271,2471,3785,835,1270,567,679,628,207.71927148424828,-0.012605249158048932
2752,4896,1346,3099,0,200,0,1346,2472,3783,884,1345,566,680,627,208.56456429910423,-0.012664511139546883
2752,4896,1346,3099,0,200,0,1346,2471,3785,888,1345,567,680,628,208.13598767074637,-0.01251872208842982
2752,4896,1346,3100,0,200,0,1346,2470,3784,831,1314,568,681,630,206.9545159246604,-0.012291515782008218
2752,4896,1271,3099,0,200,0,1271,2472,3782,937,1270,566,679,627,207.52694399688784,-0.012317885312848026
2752,4896,1272,3099,0,200,0,1272,2472,3780,841,1271,566,678,627,208.0213904691848,-0.012719942570708999
2752,4896,1273,3099,0,200,0,1273,2472,3782,885,1272,566,678,627,207.9889368947395,-0.012896958664464015
2752,4896,1272,3099,0,200,0,1272,2473,3779,870,1271,565,676,626,207.8822019214429,-0.012977922821113827
2752,4896,1346,3099,0,200,0,1346,2472,3785,920,1345,567,679,627,207.5332853779398,-0.011784312673489127
2752,4896,1346,3100,0,200,0,1346,2473,3785,879,1345,565,678,627,207.44701234486686,-0.012635466999410603
2752,4896,1346,3100,0,200,0,1346,2476,3784,924,1320,562,675,624,207.91939739291377,-0.012976110255903844
2752,4896,1272,3099,0,200,0,1272,2472,3781,944,1271,565,678,627,207.937992906094,-0.012847631588135199
2752,4896,1273,3100,0,200,0,1273,2472,3780,920,1272,567,678,628,206.56422358114506,-0.012149595733747832
2752,4896,1273,3099,0,200,0,1273,2474,3780,950,1272,564,677,625,207.53906155518354,-0.012477330483047866
2752,4896,1272,3099,0,200,0,1272,2472,3780,933,1271,566,678,627,207.10147645853462,-0.012267658201474862
2752,4896,1272,3099,0,200,0,1272,2473,3779,975,1254,566,678,626,207.9680944921555,-0.012574711924396513
2752,4896,1273,3099,0,200,0,1273,2473,3783,891,1272,565,678,626,207.29727039397906,-0.011886669629724985
2752,4896,1271,3100,0,200,0,1271,2478,3783,910,1270,561,673,622,206.65067063150056,-0.012510820077594919
2752,4896,1272,3099,0,200,0,1272,2473,3782,915,1268,565,677,626,207.7328905562336,-0.01241971349256243
2752,4896,1346,3100,0,200,0,1346,2472,3784,834,1324,568,680,628,207.44550283467288,-0.01240583451130923
2752,4896,1346,3098,0,200,0,1346,2473,3781,861,1345,564,676,625,207.87560374520015,-0.012027247698394191
2752,4896,1346,3098,0,200,0,1346,2470,3775,908,1328,568,680,628,207.7234015016405,-0.012187316796263264
2752,4896,1346,3099,0,200,0,1346,2472,3782,851,1315,567,677,627,207.5274294158681,-0.012414411877414638
2752,4896,1272,3099,0,200,0,1272,2473,3782,899,1271,565,677,626,207.87642900768176,-0.01302127347961988
2752,4896,1346,3100,0,200,0,1346,2473,3785,879,1345,566,678,627,207.18952640014135,-0.012571176878763071
2752,4896,1346,3099,0,200,0,1346,2472,3775,912,1345,566,677,627,207.15211902228322,-0.012534226046129072
2752,4896,1272,3099,0,200,0,1272,2472,3783,819,1271,568,679,627,207.8723285573986,-0.012501566325145003
2752,4896,1346,3101,0,200,0,1346,2473,3784,952,1322,567,678,628,206.9427434409481,-0.012766159536818675
2752,4896,1271,3099,0,200,0,1271,2472,3781,921,1264,566,678,627,207.54780598703945,-0.01271373304559937
2752,4896,1272,3099,0,200,0,1272,2475,3780,923,1266,564,676,624,207.61985104304648,-0.012379438981790546
2752,4896,1346,3099,0,200,0,1346,2472,3777,887,1345,563,679,627,208.3467426870803,-0.012741264683467864
2752,4896,1346,3100,0,200,0,1346,2472,3783,876,1319,568,679,628,207.15821338021954,-0.012249774956501466
2752,4896,1346,3100,0,200,0,1346,2470,3783,909,1345,569,681,630,206.82424270767578,-0.012005418895542151
2752,4896,1346,3100,0,200,0,1346,2469,3784,943,1325,572,681,631,207.04367497887125,-0.012526866778510812
2752,4896,1346,3100,0,200,0,1346,2471,3784,900,1324,567,680,629,206.73827497864463,-0.012040305161830949
2752,4896,1346,3099,0,200,0,1346,2471,3785,843,1330,567,680,628,208.365461361875,-0.012575571476624612
2752,4896,1272,3099,0,200,0,1272,2473,3782,946,1271,566,679,626,208.1773863953219,-0.013128757705794976
2752,4896,1346,3098,0,200,0,1346,2471,3782,838,1334,567,679,627,207.94543150247208,-0.012447093430114171
2752,4896,1346,3099,0,200,0,1346,2472,3782,929,1345,567,680,627,207.9202290044172,-0.012295989079716914
2752,4896,1346,3101,0,200,0,1346,2472,3781,884,1345,567,680,629,205.775425654155,-0.01203348544821189
2752,4896,1346,3100,0,200,0,1346,2471,3785,894,1319,570,681,629,206.59085274572578,-0.012153396167334705
2752,4896,1346,3100,0,200,0,1346,2470,3777,919,1248,569,681,630,207.16688085611602,-0.01241528965306755
2752,4896,1272,3099,0,200,0,1272,2472,3783,884,1271,567,679,627,207.723079106905,-0.012626742233062187
2752,4896,1346,3100,0,200,0,1346,2474,3781,908,1337,566,677,626,207.0915784378898,-0.01231264319776495
2752,4896,1346,3100,0,200,0,1346,2474,3784,907,1302,566,677,626,207.73182744071266,-0.012709206182642223
2752,4896,1346,3099,0,200,0,1346,2471,3780,943,1345,568,678,628,207.34536215333105,-0.012735002069472772
2752,4896,1346,3099,0,200,0,1346,2471,3784,833,1345,570,679,628,208.05882144251072,-0.012058388643214412
2752,4896,1271,3100,0,200,0,1271,2471,3781,906,1270,567,679,629,206.43027434460527,-0.012070013363851047
2752,4896,1346,3100,0,200,0,1346,2471,3784,874,1339,569,680,629,207.214757716319,-0.012757281754436073
2752,4896,1346,3098,0,200,0,1346,2475,3783,879,1326,564,675,623,207.69225672151148,-0.012097633347530126
2752,4896,1346,3100,0,200,0,1346,2470,3782,964,1323,570,681,630,207.8040835212558,-0.012870420021719894
2752,4896,1346,3100,0,200,0,1346,2473,3782,898,1345,567,678,627,207.68251009229414,-0.012695841899079055
2752,4896,1346,3109,0,200,0,1346,2472,3783,876,1312,568,680,637,198.32383655586855,-0.012454189055424666
2752,4896,1346,3099,0,200,0,1346,2476,3776,915,1287,564,675,623,207.53897333277732,-0.012345402032308259
2752,4896,1346,3099,0,200,0,1346,2477,3780,906,1321,562,673,622,207.2321281977677,-0.012500986634112476
2752,4896,1346,3100,0,200,0,1346,2472,3783,868,1319,566,679,628,207.1989741686422,-0.012291943232995145
2752,4896,1346,3099,0,200,0,1346,2471,3779,967,1345,568,678,628,207.3119583140322,-0.012761023476187844
2752,4896,1346,3099,0,200,0,1346,2472,3780,890,1320,568,677,627,207.2090728966809,-0.012632339849785212
2752,4896,1346,3100,0,200,0,1346,2472,3785,902,1342,568,679,628,207.0346053562673,-0.012364403128077673
2752,4896,1346,3099,0,200,0,1346,2471,3783,945,1322,569,678,628,207.25888357202524,-0.012339790170593234
2752,4896,1346,3100,0,200,0,1346,2471,3778,909,1340,570,680,629,207.33288482327302,-0.012458026710432075
2752,4896,1346,3099,0,200,0,1346,2470,3783,939,1341,571,682,629,208.17374369210094,-0.012370117563680052
2752,4896,1346,3099,0,200,0,1346,2472,3782,966,1286,568,679,627,207.59279855785067,-0.012754695234299462
2752,4896,1346,3098,0,200,0,1346,2472,3779,859,1311,567,676,626,207.68806162290417,-0.01214662745131283
2752,4896,1346,3100,0,200,0,1346,2470,3782,869,1325,571,681,630,207.7918739488537,-0.012748462066617526
2752,4896,1346,3100,0,200,0,1346,2472,3784,871,1326,569,679,628,207.48695937358127,-0.012434080413080462
2752,4896,1346,3100,0,200,0,1346,2472,3783,969,1325,568,679,628,207.43853978183049,-0.012861928753357952
2752,4896,1346,3100,0,200,0,1346,2473,3780,894,1296,567,678,627,207.65885359956906,-0.012834012240869734
2752,4896,1346,3099,0,200,0,1346,2472,3784,902,1339,568,679,627,208.16535686366944,-0.01254759131847053
2752,4896,1346,3100,0,200,0,1346,2471,3785,852,1331,571,680,629,206.96198273574203,-0.011827950165105641
2752,4896,1346,3099,0,200,0,1346,2473,3782,923,1319,567,677,626,206.87337328958253,-0.012217552545739373
2752,4896,1346,3100,0,200,0,1346,2471,3785,849,1313,570,680,629,207.4627469141589,-0.012473009254974394
2752,4896,1346,3099,0,200,0,1346,2471,3782,946,1321,568,681,628,208.16924998195654,-0.01214198092889749
2752,4896,1346,3099,0,200,0,1346,2472,3785,910,1333,567,678,627,207.6738327739058,-0.012742625022105691
2752,4896,1346,3100,0,200,0,1346,2471,3778,923,1324,570,680,629,207.67623716412646,-0.012944105389695827
2752,4896,1272,3099,0,200,0,1272,2472,3782,885,1271,566,678,627,207.7429427657092,-0.012525918262605074
2752,4896,1346,3099,0,200,0,1346,2473,3783,899,1319,568,678,626,208.22446992609778,-0.012333910156539767
2752,4896,1346,3100,0,200,0,1346,2470,3783,932,1341,571,681,630,207.16954621730434,-0.012348299032095243
2752,4896,1346,3100,0,200,0,1346,2472,3783,927,1290,567,679,628,207.4448110907099,-0.01268134911856647
2752,4896,1346,3100,0,200,0,1346,2470,3784,900,1345,572,681,630,207.2597402667346,-0.012794864810297943
2752,4896,1271,3099,0,200,0,1271,2470,3776,913,1270,571,680,629,207.06558199632343,-0.011964504906233603
2752,4896,1346,3100,0,200,0,1346,2475,3785,934,1345,565,676,625,207.42140368934844,-0.012433732133351624
2752,4896,1346,3098,0,200,0,1346,2470,3778,897,1325,570,679,628,208.01546293247958,-0.012713437170245229
2752,4896,1346,3099,0,200,0,1346,2474,3780,969,1345,566,676,625,207.12627749584982,-0.012430422774230352
2752,4896,1346,3100,0,200,0,1346,2471,3785,865,1345,569,679,629,207.27163244479783,-0.012504786082948662
2752,4896,1346,3099,0,200,0,1346,2471,3782,951,1341,570,679,628,207.03410135501244,-0.012069764867655281
2752,4896,1346,3098,0,200,0,1346,2471,3775,875,1331,569,678,627,208.60409010835323,-0.01261257509470109
2752,4896,1346,3099,0,200,0,1346,2471,3783,910,1345,568,679,628,206.6638632025452,-0.0120544143891339
2752,4896,1346,3098,0,200,0,1346,2472,3776,941,1345,568,678,626,207.55616084104844,-0.012361716594883112
2752,4896,1346,3100,0,200,0,1346,2473,3784,937,1319,568,678,627,207.43959901959724,-0.012763887081293999
2752,4896,1346,3098,0,200,0,1346,2475,3777,870,1323,565,674,623,207.4577040311114,-0.012298048325755406
2752,4896,1346,3099,0,200,0,1346,2475,3777,963,1338,567,676,624,207.853634154616,-0.012420258747055893
2752,4896,1346,3099,0,200,0,1346,2471,3777,960,1345,570,680,628,207.82619372436474,-0.012350984022570533
2752,4896,1346,3099,0,200,0,1346,2473,3783,897,1285,567,678,626,208.3901739663294,-0.012866911375842126
2752,4896,1346,3100,0,200,0,1346,2472,3783,882,1345,570,679,628,207.26516208612153,-0.012450079059669978
2752,4896,1346,3099,0,200,0,1346,2471,3777,860,1345,569,679,628,206.7181796854713,-0.012604573877216673
2752,4896,1346,3099,0,200,0,1346,2472,3783,873,1345,570,678,627,207.97259752503402,-0.012411583966607851
2752,4896,1346,3100,0,200,0,1346,2472,3783,813,1331,569,680,628,207.30257562798613,-0.012475599995913831
2752,4896,1346,3099,0,200,0,1346,2472,3781,829,1312,570,679,627,208.10101170235083,-0.012407001297784775
2752,4896,1346,3100,0,200,0,1346,2472,3785,862,1335,571,679,628,207.3379531862594,-0.012605992057754256
2752,4896,1346,3099,0,200,0,1346,2472,3780,889,1325,569,679,627,207.97844273899824,-0.0120582658131554
2752,4896,1346,3100,0,200,0,1346,2471,3784,855,1326,570,681,629,207.3348491485457,-0.012497241828467594
2752,4896,1346,3100,0,200,0,1346,2472,3778,932,1319,570,678,628,207.09983201452167,-0.012411837767175523
2752,4896,1346,3100,0,200,0,1346,2471,3784,828,1327,568,679,629,207.23269794779614,-0.012404548100382036
2752,4896,1346,3099,0,200,0,1346,2472,3783,935,1338,570,679,627,207.96024442707815,-0.012311106500502298
2752,4896,1346,3099,0,200,0,1346,2472,3777,903,1338,569,679,627,207.9201137457014,-0.012593138189181344
2752,4896,1346,3100,0,200,0,1346,2473,3781,964,1345,567,678,627,206.9893852135287,-0.011842533183280275
2752,4896,1346,3099,0,200,0,1346,2473,3781,916,1325,568,678,626,208.14711050124455,-0.012507339230562325
2752,4896,1346,3098,0,200,0,1346,2473,3779,909,1345,568,676,625,207.8541805984345,-0.012241493174336406
2752,4896,1346,3099,0,200,0,1346,2472,3778,894,1337,568,677,627,206.97538186475174,-0.012320029838006358
2752,4896,1346,3100,0,200,0,1346,2471,3783,902,1316,571,678,629,207.5427778451476,-0.0129052032351026
2752,4896,1346,3100,0,200,0,1346,2472,3783,904,1345,568,679,628,207.15583998541777,-0.012511185371109875
2752,4896,1346,3100,0,200,0,1346,2470,3784,936,1345,571,681,630,207.15958360132498,-0.012355615784515463
2752,4896,1346,3100,0,200,0,1346,2472,3781,858,1330,569,679,628,207.66952669586922,-0.012613813662891568
2752,4896,1346,3099,0,200,0,1346,2471,3784,914,1335,571,680,628,208.75320595493508,-0.01296542479282196
2752,4896,1346,3100,0,200,0,1346,2473,3784,940,1345,569,678,627,207.17198666981747,-0.012448443170778312
2752,4896,1346,3098,0,200,0,1346,2472,3783,869,1345,568,678,626,208.1053507055528,-0.012513624928138456
2752,4896,1346,3098,0,200,0,1346,2473,3781,939,1334,568,676,625,208.22373602392958,-0.012528920521981209
2752,4896,1346,3099,0,200,0,1346,2472,3783,915,1314,571,679,627,208.22843169998828,-0.012502022823872997
2752,4896,1346,3100,0,200,0,1346,2473,3778,822,1309,569,678,627,206.94749840688053,-0.012000169608726761
2752,4896,1346,3098,0,200,0,1346,2471,3778,823,1328,569,679,627,207.89440501503734,-0.012470695843301653
2752,4896,1346,3099,0,200,0,1346,2470,3779,870,1325,571,679,629,206.85601353562623,-0.012062564507686826
2752,4896,1346,3100,0,200,0,1346,2471,3781,966,1329,570,681,629,207.42825943943114,-0.012929456677115193
2752,4896,1346,3099,0,200,0,1346,2472,3781,860,1345,570,679,627,207.9589866668015,-0.012421130291053526
2752,4896,1346,3098,0,200,0,1346,2471,3775,976,1302,569,678,627,207.71416095597846,-0.012517128318974936
2752,4896,1346,3099,0,200,0,1346,2471,3783,858,1326,571,680,628,208.14406736548355,-0.012541306129338485
2752,4896,1346,3098,0,200,0,1346,2471,3779,857,1275,569,678,627,207.51268790664056,-0.012040682549812482
2752,4896,1346,3099,0,200,0,1346,2475,3781,977,1320,565,675,624,206.8561979155473,-0.012454400358064256
2752,4896,1346,3098,0,200,0,1346,2474,3778,971,1345,567,675,624,207.86785478227546,-0.012651148825724129
2752,4896,1346,3098,0,200,0,1346,2473,3782,877,1345,569,676,625,207.92967133026386,-0.012550324224918018
2752,4896,1346,3098,0,200,0,1346,2471,3783,849,1345,569,679,627,207.7300741696996,-0.01241873416178455
2752,4896,1346,3099,0,200,0,1346,2474,3785,845,1329,566,677,625,208.05583263969027,-0.012243462592829225
2752,4896,1346,3098,0,200,0,1346,2471,3780,846,1345,567,678,627,207.69006120467645,-0.012586777267406027
2752,4896,1346,3099,0,200,0,1346,2472,3783,881,1345,569,679,627,208.02808229710948,-0.01260845069856642
2752,4896,1346,3100,0,200,0,1346,2472,3781,831,1325,570,679,628,207.07299934865094,-0.012261333670754878
2752,4896,1346,3100,0,200,0,1346,2469,3777,900,1345,571,682,631,206.79773616934332,-0.012356507511294992
2752,4896,1346,3098,0,200,0,1346,2472,3778,877,1321,568,678,626,208.06182523614973,-0.012673663060339433
2752,4896,1346,3099,0,200,0,1346,2469,3783,917,1338,572,682,630,207.88890580054746,-0.012451010454052499
2752,4896,1346,3100,0,200,0,1346,2472,3781,847,1321,570,679,628,207.366165259749,-0.01279817556207068
2752,4896,1346,3100,0,200,0,1346,2469,3780,872,1303,572,681,631,206.97630696834858,-0.012331120800105639
2752,4896,1346,3107,0,200,0,1346,2471,3780,914,1320,569,679,636,198.8227336160991,-0.012572044045888407
2752,4896,1346,3099,0,200,0,1346,2472,3783,807,1345,568,678,627,207.67971972161942,-0.012165366616771893
2752,4896,1346,3100,0,200,0,1346,2471,3783,970,1318,568,680,629,207.15323184427936,-0.012761605583797714
2752,4896,1346,3099,0,200,0,1346,2473,3783,889,1338,567,677,626,208.09369522083227,-0.012715811978428328
2752,4896,1346,3098,0,200,0,1346,2470,3781,891,1313,570,680,628,207.45976495534597,-0.01242997123534678
2752,4896,1346,3099,0,200,0,1346,2472,3783,933,1329,568,679,627,208.33649207809555,-0.012987393330137199
2752,4896,1346,3099,0,200,0,1346,2471,3777,919,1314,570,680,628,207.76326878792074,-0.01252236355715375
2752,4896,1346,3099,0,200,0,1346,2470,3783,866,1345,570,680,629,207.65105156118918,-0.012411695622624884
2752,4896,1346,3099,0,200,0,1346,2472,3778,877,1282,568,676,627,206.6070698234257,-0.012487531807072618
2752,4896,1346,3099,0,200,0,1346,2471,3785,958,1345,570,680,628,207.84949383853763,-0.01236842190555325
2752,4896,1346,3100,0,200,0,1346,2471,3784,970,1340,569,679,629,206.84266644666707,-0.012267627422410568
2752,4896,1346,3099,0,200,0,1346,2472,3777,937,1329,568,678,627,207.5190910764484,-0.012183326481770927
2752,4896,1346,3099,0,200,0,1346,2473,3783,827,1345,567,677,626,207.94247055092612,-0.012541740125197268
2752,4896,1346,3098,0,200,0,1346,2472,3777,906,1332,568,677,626,207.25087917658854,-0.012331092908789755
2752,4896,1346,3099,0,200,0,1346,2471,3782,908,1324,569,678,628,207.9795472679301,-0.012568017570815325
2752,4896,1346,3099,0,200,0,1346,2471,3780,905,1320,569,679,628,207.28542231519108,-0.01183752671286204
2752,4896,1346,3099,0,200,0,1346,2471,3783,969,1345,569,680,628,207.98721042130174,-0.01278010960731928
2752,4896,1346,3099,0,200,0,1346,2476,3783,942,1324,564,674,623,207.7648672460009,-0.012324877417281986
2752,4896,1346,3099,0,200,0,1346,2472,3785,967,1285,568,678,627,207.30844314619287,-0.011950119319075931
2752,4896,1346,3099,0,200,0,1346,2475,3783,940,1345,564,676,624,207.64964579314815,-0.012527048738097395
2752,4896,1346,3098,0,200,0,1346,2472,3779,964,1345,568,677,626,208.2000452062519,-0.012912668327836078
2752,4896,1346,3098,0,200,0,1346,2471,3780,863,1321,568,678,627,207.37013938271872,-0.012497684201299094
2752,4896,1346,3098,0,200,0,1346,2471,3781,971,1325,569,678,627,207.01308368214603,-0.011774320987111573
2752,4896,1346,3099,0,200,0,1346,2472,3776,865,1319,567,679,627,207.2124900882416,-0.012070008624637408
2752,4896,1346,3098,0,200,0,1346,2472,3782,909,1318,567,677,626,207.636974875892,-0.012609344133943849
2752,4896,1346,3098,0,200,0,1346,2475,3777,895,1345,565,674,623,207.81224229494296,-0.012501449874550527
2752,4896,1346,3099,0,200,0,1346,2475,3777,915,1330,564,676,624,207.57193738466285,-0.012168305500078561
2752,4896,1346,3099,0,200,0,1346,2470,3782,922,1322,571,680,629,207.96584096827644,-0.012861839004156746
2752,4896,1346,3099,0,200,0,1346,2471,3783,899,1345,568,680,628,207.20713144584735,-0.012193893460498364
2752,4896,1346,3098,0,200,0,1346,2473,3783,890,1345,567,676,625,208.20239806774805,-0.012308032918071522
2752,4896,1346,3099,0,200,0,1346,2474,3782,918,1345,566,677,625,207.12435198140454,-0.012032972622952822
2752,4896,1346,3099,0,200,0,1346,2471,3782,910,1345,569,680,628,207.77860131857233,-0.01244570209394871
2752,4896,1346,3098,0,200,0,1346,2471,3783,874,1334,569,678,627,207.74398321224965,-0.012298091778974162
2752,4896,1271,3099,0,200,0,1271,2473,3778,862,1269,563,678,626,207.21882296865886,-0.012340740408429831
2752,4896,1346,3099,0,200,0,1346,2471,3783,877,1318,566,680,628,207.3390297505372,-0.012114047909744331
2752,4896,1346,3099,0,200,0,1346,2473,3777,902,1272,567,678,626,207.50274620337512,-0.01236366094198128
2752,4896,1346,3099,0,200,0,1346,2475,3783,897,1336,562,675,624,207.01509094720836,-0.011903839355150046
2752,4896,1346,3099,0,200,0,1346,2471,3780,970,1345,566,679,628,207.37459962943055,-0.012307731384795665
2752,4896,1346,3098,0,200,0,1346,2472,3777,889,1323,565,678,626,207.7429205601186,-0.01220521119585071
2752,4896,1271,3099,0,200,0,1271,2471,3780,892,1270,567,678,628,206.84196932425053,-0.012250155386737993
2752,4896,1346,3099,0,200,0,1346,2471,3783,884,1325,568,679,628,207.2481737202549,-0.012137831100814843
2752,4896,1346,3099,0,200,0,1346,2472,3780,891,1317,566,679,627,207.38698383254658,-0.012345144942046318
2752,4896,1272,3099,0,200,0,1272,2472,3779,886,1271,567,677,627,207.1098676274883,-0.012588381812665311
2752,4896,1346,3099,0,200,0,1346,2471,3775,969,1297,567,679,628,207.75560246157534,-0.012674605807310491
2752,4896,1346,3099,0,200,0,1346,2470,3782,872,1345,566,680,629,207.4394246517727,-0.01237837870483606
2752,4896,1346,3099,0,200,0,1346,2473,3783,887,1268,564,678,626,207.63089287903475,-0.012470073270206066
2752,4896,1346,3099,0,200,0,1346,2471,3782,923,1283,567,680,628,207.4137789224513,-0.012347941501989982
2752,4896,1346,3099,0,200,0,1346,2471,3782,902,1345,566,678,628,208.00770334767125,-0.013154283105777013
2752,4896,1346,3098,0,200,0,1346,2471,3777,947,1329,567,679,627,207.59592450880422,-0.012225211136721295
2752,4896,1346,3099,0,200,0,1346,2471,3782,919,1326,568,679,628,207.19914942084355,-0.012148157564897545
2752,4896,1346,3099,0,200,0,1346,2471,3785,807,1314,567,681,628,207.18291114752714,-0.012128934773784968
2752,4896,1346,3099,0,200,0,1346,2469,3774,954,1345,567,681,630,206.22520595273164,-0.011945161564506418
2752,4896,1346,3099,0,200,0,1346,2472,3778,964,1345,564,678,627,207.7446227169574,-0.012547797344643785
2752,4896,1346,3099,0,200,0,1346,2471,3777,917,1345,567,680,628,207.39985176310674,-0.012407762649124267
2752,4896,1346,3099,0,200,0,1346,2475,3783,832,1345,562,676,624,207.72058005076684,-0.012226566196098403
2752,4896,1346,3099,0,200,0,1346,2471,3776,902,1345,566,680,628,207.68812296442127,-0.012598080498093038
2752,4896,1346,3098,0,200,0,1346,2474,3780,905,1326,562,677,624,208.548216398527,-0.012501398170322857
2752,4896,1271,3098,0,200,0,1271,2473,3780,866,1270,565,677,625,207.6525540941736,-0.012401768354268641
2752,4896,1271,3098,0,200,0,1271,2471,3777,974,1270,566,679,627,207.8963116043197,-0.012227452379283358
2752,4896,1346,3099,0,200,0,1346,2472,3782,889,1343,565,678,627,207.5919164477929,-0.012229007514727165
2752,4896,1346,3099,0,200,0,1346,2474,3783,965,1345,565,677,625,207.7257833349113,-0.0124909803288799
2752,4896,1271,3099,0,200,0,1271,2474,3783,909,1270,563,675,625,207.22904528470318,-0.012300978686902832
2752,4896,1272,3099,0,200,0,1272,2475,3781,874,1271,562,676,624,207.44351117563923,-0.012892261902778267
2752,4896,1346,3099,0,200,0,1346,2475,3780,968,1322,559,675,624,207.52401917159844,-0.012458689209903376
2752,4896,1346,3099,0,200,0,1346,2475,3778,882,1324,563,674,624,207.8459084078072,-0.012895567982867532
2752,4896,1346,3099,0,200,0,1346,2473,3783,872,1285,563,677,626,207.7185037356997,-0.012943430235719922
2752,4896,1346,3099,0,200,0,1346,2475,3782,973,1345,563,675,624,207.7253276319792,-0.012596928995652831
2752,4896,1271,3098,0,200,0,1271,2472,3778,946,1270,565,677,626,208.16068771801807,-0.01270577407723191
2752,4896,1346,3099,0,200,0,1346,2472,3782,852,1345,565,677,627,207.34761374264937,-0.012336309551867436
2752,4896,1346,3099,0,200,0,1346,2470,3783,888,1315,567,679,629,207.37916111814727,-0.012420845821775628
2752,4896,1271,3098,0,200,0,1271,2470,3778,946,1270,568,679,628,207.84504308706394,-0.012301413925878829
2752,4896,1271,3099,0,200,0,1271,2471,3778,887,1270,565,679,628,206.33245474051412,-0.011917170057987288
2752,4896,1346,3099,0,200,0,1346,2470,3782,941,1333,566,681,629,207.38231174493222,-0.012216282542739348
2752,4896,1272,3099,0,200,0,1272,2472,3775,888,1271,563,677,627,207.00094174007177,-0.012190620276228515
2752,4896,1346,3099,0,200,0,1346,2471,3780,885,1345,567,679,628,207.6935387107515,-0.012522696257139164
2752,4896,1346,3099,0,200,0,1346,2471,3783,945,1345,563,680,628,207.4856025751432,-0.012149260417890773
2752,4896,1271,3099,0,200,0,1271,2471,3778,852,1270,564,678,628,206.51190315910947,-0.011661025851489834
2752,4896,1346,3099,0,200,0,1346,2471,3784,859,1327,564,678,628,207.61824097916107,-0.01245976212739125
2752,4896,1346,3099,0,200,0,1346,2470,3783,935,1322,567,679,629,207.64460885637274,-0.012626088829243058
2752,4896,1346,3099,0,200,0,1346,2473,3783,898,1345,563,676,626,207.66721451746173,-0.012425879445541313
2752,4896,1346,3099,0,200,0,1346,2471,3778,907,1345,565,680,628,207.08724409249092,-0.012042769752048202
2752,4896,1346,3099,0,200,0,1346,2474,3783,908,1319,561,676,625,207.6702984396406,-0.012250705965888547
2752,4896,1271,3099,0,200,0,1271,2471,3778,884,1270,563,677,628,206.73369487022902,-0.01237728590043657
2752,4896,1346,3099,0,200,0,1346,2471,3783,914,1327,567,680,628,207.30057413816806,-0.012131873029166095
2752,4896,1346,3098,0,200,0,1346,2471,3780,925,1328,560,678,627,207.00181918215867,-0.012054067607012348
2752,4896,1346,3099,0,200,0,1346,2471,3777,966,1320,565,679,628,207.615902726399,-0.012664943964481838
2752,4896,1272,3098,0,200,0,1272,2472,3775,882,1271,564,677,626,207.6179107027294,-0.012226370259091856
2752,4896,1346,3099,0,200,0,1346,2471,3778,970,1303,565,679,628,206.80616417798828,-0.012250762586134663
2752,4896,1346,3099,0,200,0,1346,2472,3781,968,1316,564,678,627,206.86141511244207,-0.011999928884681764
2752,4896,1273,3098,0,200,0,1273,2470,3782,956,1272,565,678,628,207.88649921061926,-0.01253247533603884
2752,4896,1346,3099,0,200,0,1346,2472,3777,961,1302,561,678,627,207.49702432544714,-0.012605156085068228
2752,4896,1346,3099,0,200,0,1346,2470,3777,908,1342,564,680,629,207.3301023050344,-0.012444430801453459
2752,4896,1346,3099,0,200,0,1346,2472,3785,927,1345,563,678,627,207.35069721042964,-0.0124599923063849
2752,4896,1346,3098,0,200,0,1346,2475,3778,971,1335,557,676,623,207.41277101250535,-0.012114408176497634
2752,4896,1271,3099,0,200,0,1271,2475,3779,913,1270,557,674,624,206.56197858703933,-0.01232858025340639
2752,4896,1272,3099,0,200,0,1272,2472,3781,912,1271,564,677,627,206.85011798609293,-0.012527171375650152
2752,4896,1346,3099,0,200,0,1346,2472,3783,947,1320,564,678,627,206.8300570824493,-0.012021278640491012
2752,4896,1272,3098,0,200,0,1272,2471,3775,975,1271,564,678,627,207.3909568213183,-0.012355438464129521
2752,4896,1346,3099,0,200,0,1346,2474,3778,937,1275,559,676,625,207.79742351847668,-0.012612177638763187
2752,4896,1346,3099,0,200,0,1346,2475,3779,942,1345,557,675,624,207.57457154334412,-0.012133614065715757
2752,4896,1271,3098,0,200,0,1271,2475,3781,911,1270,559,673,623,207.12116155531217,-0.012152940382530985
2752,4896,1346,3099,0,200,0,1346,2473,3781,922,1289,560,676,626,207.44861852230653,-0.012344224289352883
2752,4896,1346,3099,0,200,0,1346,2481,3780,965,1345,548,668,618,207.36200888671127,-0.012342645355142574
2752,4896,1271,3098,0,200,0,1271,2473,3779,909,1270,559,678,625,207.8487235127946,-0.012213916398630478
2752,4896,1346,3099,0,200,0,1346,2471,3783,970,1327,565,679,628,207.33477229729164,-0.012478468393929387
2752,4896,1346,3098,0,200,0,1346,2472,3781,785,1345,563,676,626,207.50674160597998,-0.012038080871133408
2752,4896,1346,3098,0,200,0,1346,2470,3785,870,1345,564,680,628,208.5812489640475,-0.012282904517301858
2752,4896,1271,3099,0,200,0,1271,2470,3781,961,1270,566,679,629,206.340903386607,-0.012044364651165955
2752,4896,1273,3099,0,200,0,1273,2473,3779,954,1272,559,675,626,206.91111446133027,-0.01246862451752977
2752,4896,1346,3099,0,200,0,1346,2472,3783,869,1327,564,678,627,207.18343395199904,-0.012162930096554614
2752,4896,1346,3099,0,200,0,1346,2472,3785,875,1337,561,678,627,207.8366012920141,-0.012582529735602999
2752,4896,1346,3099,0,200,0,1346,2471,3783,958,1275,564,679,628,207.15807289997585,-0.012076736350001832
2752,4896,1346,3099,0,200,0,1346,2471,3783,967,1326,565,678,628,207.42895190651643,-0.012660558088771583
2752,4896,1271,3098,0,200,0,1271,2473,3778,884,1270,557,676,625,207.6206627315234,-0.012380615615588064
2752,4896,1271,3099,0,200,0,1271,2471,3780,916,1270,561,678,628,206.80589630715622,-0.012304326840631463
2752,4896,1271,3099,0,200,0,1271,2472,3779,883,1270,561,677,627,206.810982719449,-0.01256852710031113
2752,4896,1271,3099,0,200,0,1271,2472,3779,889,1270,561,677,627,206.09124211801935,-0.011753706780841639
2752,4896,1346,3099,0,200,0,1346,2472,3783,947,1270,559,677,627,206.83968548867668,-0.01216055418066067
2752,4896,1346,3099,0,200,0,1346,2473,3776,966,1319,561,678,626,207.26806896177536,-0.012264448386434855
2752,4896,1346,3099,0,200,0,1346,2471,3782,904,1345,561,678,628,206.86707510719495,-0.012536099792396728
2752,4896,1346,3098,0,200,0,1346,2472,3781,888,1345,560,678,626,207.1344800788412,-0.012147349264336194
2752,4896,1346,3098,0,200,0,1346,2471,3781,973,1284,557,679,627,207.16910823815925,-0.011689219289461166
2752,4896,1346,3099,0,200,0,1346,2469,3783,852,1345,565,681,630,207.72208789250234,-0.01301443320366145
2752,4896,1346,3099,0,200,0,1346,2471,3780,911,1330,562,679,628,207.05429425971795,-0.011923521684593976
2752,4896,1346,3098,0,200,0,1346,2471,3778,863,1332,563,677,627,207.0621521660298,-0.012061224831320029
2752,4896,1346,3098,0,200,0,1346,2472,3778,925,1345,561,677,626,207.42886709635795,-0.012199754758724101
2752,4896,1346,3099,0,200,0,1346,2471,3777,872,1323,560,677,628,206.60380395254919,-0.011713396897289367
2752,4896,1346,3099,0,200,0,1346,2471,3783,938,1345,563,679,628,206.917262527951,-0.012346727230974354
2752,4896,1346,3099,0,200,0,1346,2472,3777,934,1345,560,678,627,206.7007261483311,-0.011966790939283293
2752,4896,1271,3099,0,200,0,1271,2473,3781,967,1270,557,676,626,206.49753618342513,-0.012232487578258188
2752,4896,1346,3097,0,200,0,1346,2473,3780,968,1345,559,675,624,207.53431402427057,-0.01166834631158727
2752,4896,1346,3098,0,200,0,1346,2473,3774,899,1319,558,675,625,206.780369984504,-0.011785481060006802
2752,4896,1272,3099,0,200,0,1272,2476,3776,897,1271,557,672,623,207.36925130191116,-0.013122236249229556
2752,4896,1346,3098,0,200,0,1346,2472,3783,915,1286,561,677,626,208.12186394689192,-0.012492906036802818
2752,4896,1346,3099,0,200,0,1346,2475,3783,967,1310,560,675,624,206.8780418096692,-0.012339686617828752
2752,4896,1346,3099,0,200,0,1346,2472,3783,901,1291,556,679,627,207.0103669569111,-0.012154457655990845
2752,4896,1346,3099,0,200,0,1346,2473,3782,968,1337,559,677,626,206.58384266983114,-0.011924327129546067
2752,4896,1346,3099,0,200,0,1346,2475,3783,898,1345,556,674,624,206.5542036881121,-0.011466395869072495
2752,4896,1346,3099,0,200,0,1346,2475,3783,941,1345,559,673,624,206.61078343039216,-0.011534774243425309
2752,4896,1346,3099,0,200,0,1346,2476,3781,948,1345,557,673,623,206.61955299304492,-0.011798174633621174
2752,4896,1271,3098,0,200,0,1271,2481,3782,887,1270,551,669,617,207.5347164249941,-0.012054305132948005
2752,4896,1346,3099,0,200,0,1346,2471,3783,967,1328,563,679,628,206.86561926703138,-0.011754691682874354
2752,4896,1346,3098,0,200,0,1346,2470,3781,908,1345,562,677,628,206.74800391091324,-0.012058152483920897
2752,4896,1346,3099,0,200,0,1346,2471,3777,929,1345,562,679,628,206.81397537666143,-0.012295978375724909
2752,4896,1346,3099,0,200,0,1346,2472,3783,871,1309,559,676,627,206.79006794690264,-0.012035293070643214
2752,4896,1346,3099,0,200,0,1346,2472,3782,964,1321,561,677,627,206.98046161511314,-0.012223118912328983
2752,4896,1346,3097,0,200,0,1346,2472,3777,898,1324,562,676,625,207.3074492027117,-0.01186607875934152
2752,4896,1346,3099,0,200,0,1346,2473,3785,939,1327,554,676,626,207.53956986703975,-0.012891089572989166
2752,4896,1346,3099,0,200,0,1346,2472,3779,937,1345,562,677,627,207.01061449072273,-0.012278211974731982
2752,4896,1272,3098,0,200,0,1272,2472,3781,926,1271,557,676,626,207.39725686076792,-0.012177792699323085
2752,4896,1346,3098,0,200,0,1346,2473,3780,908,1319,559,675,625,206.71114417854054,-0.012073840042667355
2752,4896,1346,3099,0,200,0,1346,2472,3780,894,1279,562,677,627,207.24440181673683,-0.0125287757627996
2752,4896,1346,3099,0,200,0,1346,2471,3783,897,1293,561,678,628,207.2915009600848,-0.012149958515327733
2752,4896,1346,3099,0,200,0,1346,2471,3784,961,1345,565,679,628,207.39115138406112,-0.012312330698435733
2752,4896,1346,3099,0,200,0,1346,2471,3783,903,1340,559,678,628,206.89836485787347,-0.011824503923230813
2752,4896,1346,3098,0,200,0,1346,2471,3783,965,1345,563,679,627,208.4206132527752,-0.012769505088958114
2752,4896,1346,3098,0,200,0,1346,2472,3779,853,1345,560,677,626,207.13692709077802,-0.012090404470426072
2752,4896,1346,3099,0,200,0,1346,2471,3781,969,1329,556,679,628,206.6740089175349,-0.01194428089762826
2752,4896,1346,3099,0,200,0,1346,2471,3783,905,1328,561,679,628,207.17306434373617,-0.01221853506027998
2752,4896,1346,3099,0,200,0,1346,2473,3781,950,1345,554,676,626,207.2570116211872,-0.012192658533684887
2752,4896,1346,3099,0,200,0,1346,2475,3780,921,1333,553,675,624,207.0330426966853,-0.012114527834878805
2752,4896,1346,3098,0,200,0,1346,2474,3781,944,1323,554,675,624,207.46011737808868,-0.01243122635696629
2752,4896,1346,3098,0,200,0,1346,2472,3781,972,1302,555,678,626,207.26304929268628,-0.012361168542674704
2752,4896,1346,3098,0,200,0,1346,2472,3782,923,1283,558,677,626,208.323650608567,-0.012332496565481656
2752,4896,1346,3099,0,200,0,1346,2474,3777,933,1345,558,677,625,206.92251348065946,-0.012052437546085551
2752,4896,1346,3099,0,200,0,1346,2471,3778,971,1345,558,676,628,206.18516711516932,-0.012501236567293383
2752,4896,1346,3099,0,200,0,1346,2471,3783,904,1301,561,679,628,207.04799263732582,-0.012363887211974295
2752,4896,1346,3099,0,200,0,1346,2475,3783,967,1321,557,675,624,206.8969310261984,-0.011960813610761479
2752,4896,1346,3099,0,200,0,1346,2471,3782,964,1345,559,677,628,207.27503211120884,-0.012205317575241787
2752,4896,1346,3099,0,200,0,1346,2475,3778,940,1280,555,675,624,207.43410122154157,-0.012520905107207155
2752,4896,1346,3099,0,200,0,1346,2472,3783,969,1287,560,678,627,207.64487148089913,-0.01265504886381673
2752,4896,1346,3097,0,200,0,1346,2472,3780,967,1345,554,677,625,207.32613093892766,-0.011556557942289544
2752,4896,1346,3099,0,200,0,1346,2471,3782,964,1280,562,678,628,206.83067668933114,-0.011781689187516226
2752,4896,1346,3099,0,200,0,1346,2473,3783,966,1335,559,676,626,207.55187988824065,-0.012161304460800236
2752,4896,1346,3099,0,200,0,1346,2474,3783,873,1345,560,676,625,206.73185163555232,-0.011738289067786206
2752,4896,1346,3098,0,200,0,1346,2473,3779,883,1345,553,674,625,206.74867408306588,-0.012243444050039971
2752,4896,1346,3098,0,200,0,1346,2475,3780,970,1345,557,675,623,207.24830013595655,-0.012411805647711358
2752,4896,1346,3099,0,200,0,1346,2477,3783,944,1345,551,672,622,207.53192780210972,-0.012475797508001192
2752,4896,1346,3099,0,200,0,1346,2473,3783,963,1340,558,676,626,207.6761352641713,-0.012779531207097159
2752,4896,1271,3099,0,200,0,1271,2475,3778,923,1270,557,674,624,206.53705493844754,-0.012170890666213376
2752,4896,1271,3099,0,200,0,1271,2475,3780,971,1270,556,675,624,207.81396858223093,-0.012584711964024317
2752,4896,1346,3099,0,200,0,1346,2475,3777,924,1323,556,674,624,207.1957441299426,-0.012401304426890478
2752,4896,1346,3098,0,200,0,1346,2473,3777,968,1334,560,676,625,207.57007822439752,-0.011907262420497451
2752,4896,1272,3099,0,200,0,1272,2474,3775,886,1271,553,674,625,206.26202346053222,-0.012261143344330133
2752,4896,1346,3099,0,200,0,1346,2474,3783,965,1345,555,676,625,206.8212000471391,-0.011929885259784532
2752,4896,1346,3098,0,200,0,1346,2473,3775,943,1345,557,676,625,207.21602192511497,-0.012243870837213563
2752,4896,1346,3099,0,200,0,1346,2471,3783,969,1282,557,677,628,207.097066332612,-0.012315877311074974
2752,4896,1271,3098,0,200,0,1271,2472,3781,937,1270,559,675,626,207.37559787127725,-0.012223710928516355
